Num_Acc,an,mois,jour,hrmn,lum,agg,int,atm,col,com,adr,gps,lat,long,dep
201600000623,16,8,16,330,3,2,1,1,7,20,R DE LA FORGE,M,4946174.0,89127.0,760
201600000624,16,8,16,1530,1,1,1,1,7,631,,M,4951592.0,86106.0,760
201600000625,16,8,16,2045,1,1,1,1,6,20,,M,4946478.0,88628.0,760
201600000626,16,4,15,545,3,1,1,2,1,143,,M,4966824.0,35993.0,760
201600000627,16,5,8,845,1,1,1,1,6,79,,M,4971785.0,25441.0,760
201600000628,16,7,18,1515,1,1,1,1,5,650,,M,4961748.0,29764.0,760
201600000629,16,7,26,1945,1,1,1,1,3,117,,M,4969651.0,21991.0,760
201600000630,16,7,30,1030,1,1,1,1,6,615,,M,4959716.0,20345.0,760
201600000631,16,9,24,1745,1,1,1,1,1,408,,M,4961639.0,35075.0,760
201600000632,16,5,26,1745,1,2,1,1,1,258,R DE CAUX,M,4965459.0,59595.0,760
201600000633,16,8,8,1700,1,1,1,1,3,751,,M,4962464.0,51524.0,760
201600000634,16,9,2,1945,1,1,2,1,3,115,,M,4960569.0,56057.0,760
201600000635,16,10,1,1530,1,1,2,1,3,80,,M,4964474.0,63766.0,760
201600000636,16,3,12,530,3,1,1,5,7,169,,M,4950178.0,42054.0,760
201600000637,16,6,23,2100,1,1,1,1,6,647,Rue du hameau d'enfer,M,4953538.0,38191.0,760
201600000638,16,7,12,730,1,1,2,1,3,657,,M,4948430.0,35750.0,760
201600000639,16,7,16,1545,1,2,7,1,6,647,place anciens combattant,M,4952868.0,35878.0,760
201600000640,16,8,14,1800,1,1,3,1,3,303,,M,4956592.0,34958.0,760
201600000641,16,8,20,1500,1,1,1,1,7,489,RTE DE LA VALLEE,M,4950291.0,29689.0,760
201600000642,16,9,10,730,2,1,6,1,6,533,RTE INDUSTRIELLE,M,4947906.0,26192.0,760
201600000643,16,9,15,630,2,2,1,2,1,551,,M,4955414.0,29384.0,760
201600000644,16,10,5,1745,1,1,1,1,3,522,D910,M,4952822.0,42099.0,760
201600000645,16,10,13,1625,1,1,1,1,1,533,D982,M,4949701.0,26809.0,760
201600000646,16,1,8,1715,3,1,1,1,3,465,,M,4970888.0,143345.0,760
201600000647,16,4,20,2145,3,1,2,1,3,399,RTE DE MENONVAL,M,4978017.0,146597.0,760
201600000648,16,8,16,1630,1,2,2,1,1,462,R DE DRINCOURT,M,4973169.0,143735.0,760
201600000649,16,10,15,15,3,1,1,1,6,415,D24,M,4967773.0,140020.0,760
201600000650,16,11,28,1530,1,2,1,7,6,462,"5, PL NOTRE DAME",M,4973170.0,144148.0,760
201600000651,16,1,1,2130,3,1,1,1,6,35,,M,4977617.0,176930.0,760
201600000652,16,1,13,1400,1,1,3,1,3,460,,M,4990947.0,166207.0,760
201600000653,16,8,26,1200,1,2,3,7,3,278,55 R NATIONALE,M,4984874.0,156743.0,760
201600000654,16,1,6,1800,5,2,1,1,6,461,,M,4964486.0,136369.0,760
201600000655,16,9,23,1415,1,1,1,1,1,60,,M,4965037.0,153500.0,760
201600000656,16,11,8,1155,1,1,3,2,7,649,RD 1314,M,4967970.0,150475.0,760
201600000657,16,11,24,1745,3,1,1,1,6,535,route de rouvray,M,4959846.0,151421.0,760
201600000658,16,6,26,1000,1,2,1,1,3,25,,M,4954077.0,151571.0,760
201600000659,16,9,4,2200,3,1,1,2,6,263,,M,4943517.0,154123.0,760
201600000660,16,9,23,1400,1,2,1,1,3,312,"54, COTE SAINT AUBIN",M,4948526.0,170272.0,760
201600000661,16,1,23,1545,1,1,2,8,3,55,,M,4963615.0,73549.0,760
201600000662,16,4,3,1745,1,1,2,1,2,758,,M,4961307.0,78127.0,760
201600000663,16,7,17,1030,1,1,1,1,3,55,,M,4964416.0,73368.0,760
201600000664,16,8,22,1530,1,2,3,1,3,758,"31, R DES VICTOIRES",M,4961801.0,75264.0,760
201600000665,16,10,16,1515,1,1,1,2,1,718,RD 6015,M,4961517.0,68899.0,760
201600000666,16,10,28,1450,1,1,1,1,5,758,BD COMMANDANT SERGE BICH,M,4960517.0,76204.0,760
201600000667,16,7,9,2300,5,2,1,1,3,495,"46, RTE DE SAINTE AUSTRE",M,4958850.0,96663.0,760
201600000668,16,7,16,315,3,1,1,1,6,385,,M,4961963.0,90284.0,760
201600000669,16,1,3,1100,1,1,1,2,6,566,,M,4959466.0,97530.0,760
201600000670,16,1,31,1800,3,1,1,2,1,495,,M,4957951.0,95404.0,760
201600000671,16,1,31,1115,1,2,1,2,1,495,R DES ACACIAC,M,4956403.0,95337.0,760
201600000672,16,3,5,1630,1,1,1,1,3,203,,M,4960265.0,85573.0,760
201600000673,16,7,10,1300,1,1,1,1,4,135,,M,4958021.0,89265.0,760
201600000674,16,8,27,1715,1,1,1,1,2,135,,M,4956886.0,91393.0,760
201600000675,16,10,2,1815,1,1,1,1,6,234,,M,4962776.0,96847.0,760
201600000676,16,12,1,735,2,1,3,1,5,433,,M,4958687.0,88164.0,760
201600000677,16,12,8,1710,2,1,1,1,6,444,,M,4958689.0,80073.0,760
201600000678,16,12,12,815,2,2,1,1,3,57,R AUGUSTE BADIN,M,4953751.0,94127.0,760
201600000679,16,1,16,1500,1,1,1,1,6,642,,M,4982368.0,88018.0,760
201600000680,16,5,23,1730,1,2,1,1,1,189,,M,4980514.0,70871.0,760
201600000681,16,1,31,845,1,1,1,2,6,663,,M,4977924.0,53182.0,760
201600000682,16,2,12,730,3,1,1,2,6,719,,M,4973208.0,51465.0,760
201600000683,16,3,23,1700,1,1,2,1,3,685,,M,4975725.0,51625.0,760
201600000684,16,5,21,1345,1,1,2,1,3,706,,M,4969960.0,40732.0,760
201600000685,16,9,24,1115,1,1,1,1,7,195,,M,4978091.0,56512.0,760
201600000686,16,9,20,645,3,1,1,1,1,91,,M,4971466.0,60423.0,760
201600000687,16,5,2,745,1,2,1,1,2,684,RD 67,M,4908885.0,128885.0,270
201600000688,16,11,18,1345,1,1,1,1,6,634,,M,4890115.0,117226.0,270
201600000689,16,1,13,730,3,2,2,2,7,165,RD 830,M,4895261.0,95125.0,270
201600000690,16,1,13,1745,3,2,1,1,1,20,,M,4899949.0,110799.0,270
201600000691,16,4,1,1500,1,2,1,1,1,20,41 B rue du Moussel,M,4899446.0,107753.0,270
201600000692,16,6,11,1830,1,2,2,1,2,165,rue des fontenelles,M,4897287.0,95262.0,270
201600000693,16,6,13,1745,1,1,1,1,1,165,,M,4895986.0,92666.0,270
201600000694,16,7,15,2100,1,1,1,1,6,165,,M,4896412.0,90699.0,270
201600000695,16,8,22,1245,1,2,1,1,2,602,Rue du General De Gaulle,M,4900917.0,109400.0,270
201600000696,16,9,1,815,1,1,1,1,7,161,,M,4905580.0,102447.0,270
201600000697,16,9,10,1300,1,1,1,1,1,20,,M,4898797.0,105816.0,270
201600000698,16,12,5,1230,2,1,1,8,3,618,,M,4896476.0,85820.0,270
201600000699,16,3,12,1615,1,1,1,1,3,17,,M,4899283.0,115602.0,270
201600000700,16,3,13,1815,1,1,1,1,7,306,,M,4897703.0,115854.0,270
201600000701,16,4,10,515,3,1,1,1,6,183,,M,4890690.0,137832.0,270
201600000702,16,5,5,2145,5,2,1,1,3,183,Allée des promenades,M,4889922.0,139307.0,270
201600000703,16,6,26,1530,1,1,1,1,7,421,,M,4891072.0,130543.0,270
201600000704,16,7,13,1830,1,1,3,1,3,306,route de saint andre,M,4899177.0,118533.0,270
201600000705,16,7,15,1430,1,1,1,1,3,301,,M,4893516.0,116505.0,270
201600000706,16,10,4,900,1,1,1,1,3,278,,M,4891801.0,140420.0,270
201600000707,16,10,8,430,5,2,4,1,6,183,RD163/RD551,M,4889060.0,140325.0,270
201600000708,16,9,27,830,1,2,1,1,6,183,04 rue d'Ezy,M,4889721.0,140638.0,270
201600000709,16,10,13,515,3,1,1,1,6,183,,M,4890677.0,137901.0,270
201600000710,16,12,22,2245,3,1,1,5,6,177,,M,4887239.0,125690.0,270
201600000711,16,7,18,1745,1,1,2,1,3,166,,M,4882818.0,98403.0,270
201600000712,16,8,12,715,1,1,2,1,3,2,,M,4877464.0,110551.0,270
201600000713,16,8,30,1745,1,1,1,1,3,416,,M,4881734.0,112946.0,270
201600000714,16,9,13,1800,1,1,1,7,1,491,,M,4882990.0,101848.0,270
201600000715,16,12,2,900,1,1,1,1,6,543,,M,4878313.0,135294.0,270
201600000716,16,4,24,730,1,1,2,1,3,123,,M,4901195.0,131348.0,270
201600000717,16,5,30,1615,1,1,3,1,3,4,,M,4900919.0,141530.0,270
201600000718,16,6,14,1445,1,1,1,2,1,448,,M,4901232.0,130131.0,270
201600000719,16,6,30,1830,1,1,1,1,1,119,,M,4893578.0,145556.0,270
201600000720,16,7,13,800,1,1,1,1,1,123,,M,4900050.0,131082.0,270
201600000721,16,8,9,2130,2,1,2,1,3,410,,M,4901323.0,127074.0,270
201600000722,16,10,21,1730,1,2,1,2,1,397,rue des hannebaux,M,4903043.0,136719.0,270
201600000723,16,11,6,1445,1,2,1,1,6,76,9 rue des Moulins,M,4896527.0,133495.0,270
201600000724,16,12,21,1600,1,2,8,1,3,114,RUE ALFRED DE VIGNY,M,4895992.0,141752.0,270
201600000725,16,12,23,1800,5,2,2,1,3,448,rue des Coteaux de Pacy,M,4901996.0,139238.0,270
201600000726,16,6,3,2300,5,1,1,1,3,17,,M,4899284.0,115600.0,270
201600000727,16,6,20,715,2,1,1,2,6,421,,M,4891072.0,130543.0,270
201600000728,16,4,9,1515,1,1,3,2,7,96,,M,4887848.0,67328.0,270
201600000729,16,6,24,915,1,1,3,1,3,573,route de conde,M,4881513.0,94283.0,270
201600000730,16,7,8,845,1,1,2,1,3,159,,M,4876260.0,91300.0,270
201600000731,16,8,30,1500,1,1,1,1,7,565,,M,4889912.0,85153.0,270
201600000732,16,12,2,715,2,1,1,5,7,303,,M,4888609.0,85037.0,270
201600000733,16,12,17,1615,1,1,1,1,6,565,,M,4889555.0,85295.0,270
201600000734,16,12,25,1800,5,2,4,2,3,431,,M,0.0,0.0,270
201600000735,16,1,7,1900,3,1,1,8,3,473,,M,4917522.0,139104.0,270
201600000736,16,4,24,715,1,1,2,1,3,16,,M,4905326.0,117735.0,270
201600000737,16,5,28,2245,3,1,2,1,3,58,,M,4922688.0,134834.0,270
201600000738,16,6,25,1745,1,1,1,1,7,16,,M,4925505.0,145447.0,270
201600000739,16,7,9,1715,1,1,9,1,6,16,avenue de la republique,M,4924333.0,140482.0,270
201600000740,16,8,22,2330,3,1,1,1,7,175,,M,4881734.0,112946.0,270
201600000741,16,8,29,1800,1,2,9,1,6,16,50 avenue de la Républiq,M,4924481.0,140917.0,270
201600000742,16,9,7,1815,1,2,1,1,3,16,avenue de la republique,M,4924367.0,140393.0,270
201600000743,16,10,3,1830,1,2,1,1,4,16,RUE GENERAL DE GAULE,M,4924713.0,142398.0,270
201600000744,16,11,15,745,2,2,1,2,1,16,RD316,M,4924839.0,142701.0,270
201600000745,16,12,31,1730,5,1,1,1,1,16,,M,4924877.0,145984.0,270
201600000746,16,1,31,1815,3,1,1,3,3,644,,M,4915227.0,153238.0,270
201600000747,16,2,26,1630,1,1,1,1,6,540,,M,4908497.0,159213.0,270
201600000748,16,6,17,1830,1,1,1,1,2,72,,M,4910365.0,156845.0,270
201600000749,16,6,27,800,1,1,1,1,6,213,,M,4915649.0,157097.0,270
201600000750,16,2,1,130,5,2,9,1,6,104,,M,4938648.0,130714.0,270
201600000751,16,2,23,730,2,1,1,1,6,493,430 avenue de la gare,M,4932757.0,124945.0,270
201600000752,16,3,23,1330,1,1,1,1,6,672,,M,4946055.0,138678.0,270
201600000753,16,3,30,1615,1,1,1,2,1,454,,M,4943057.0,137363.0,270
201600000754,16,4,27,1115,1,1,1,3,1,274,,M,4933802.0,139369.0,270
201600000755,16,5,19,1700,1,1,9,1,6,151,,M,4938127.0,137167.0,270
201600000756,16,6,26,1745,1,1,1,1,6,246,,M,4935425.0,135756.0,270
201600000757,16,7,7,1300,1,2,1,1,3,104,26 ROUTE DE PARIS,M,4938659.0,130665.0,270
201600000758,16,7,6,2100,1,1,1,1,6,151,,M,4938651.0,137603.0,270
201600000759,16,7,30,30,5,2,1,1,6,104,10 route de Paris,M,4938709.0,130507.0,270
201600000760,16,8,7,1615,1,1,1,1,2,377,,M,4938263.0,151867.0,270
201600000761,16,9,9,1645,1,1,1,7,2,493,,M,4933915.0,126005.0,270
201600000762,16,9,21,1045,1,1,1,1,6,664,route des callouettes,M,4943778.0,149794.0,270
201600000763,16,9,25,130,3,1,1,1,7,488,,M,4938030.0,132106.0,270
201600000764,16,10,17,830,2,1,1,2,3,407,,M,4930876.0,145874.0,270
201600000765,16,11,11,700,5,2,1,1,6,453,Départementale 1,M,4939870.0,137033.0,270
201600000766,16,11,23,430,3,1,1,2,3,470,,M,4932658.0,129180.0,270
201600000767,16,12,14,830,1,2,1,1,1,470,81 grande rue,M,4933322.0,127639.0,270
201600000768,16,12,16,2045,3,1,1,5,1,454,rue du mesnil,M,4943416.0,136312.0,270
201600000769,16,2,2,115,3,1,1,8,6,426,,M,4928102.0,174798.0,270
201600000770,16,5,16,2000,1,2,1,1,7,304,,M,4922454.0,168802.0,270
201600000771,16,8,5,1245,1,2,9,1,3,617,D 316,M,4931374.0,150850.0,270
201600000772,16,8,27,1515,1,2,1,1,6,204,rue St Aubin,M,4932654.0,159203.0,270
201600000773,16,10,29,2245,5,2,1,1,6,284,Rue de Dieppe,M,4928446.0,178259.0,270
201600000774,16,12,8,2350,3,1,1,1,6,567,,M,4927542.0,158111.0,270
201600000775,16,1,13,1400,1,1,2,1,3,516,,M,4904709.0,59523.0,270
201600000776,16,11,18,1800,1,2,1,4,7,398,cote de l'eglise,M,4909995.0,62374.0,270
201600000777,16,11,30,645,3,1,1,1,7,138,,M,4899230.0,56993.0,270
201600000778,16,2,27,245,3,1,1,1,6,74,,M,4954850.0,66873.0,270
201600000779,16,3,26,1,5,2,1,1,6,210,2 rue du pont de l'eure,M,4913130.0,84609.0,270
201600000780,16,12,14,1430,1,1,1,1,6,116,,M,4916358.0,72530.0,270
201600000781,16,1,14,800,5,2,2,3,1,3,RD 164,M,0.0,0.0,270
201600000782,16,1,22,1930,3,1,2,1,3,31,,M,4927285.0,120286.0,270
201600000783,16,2,13,1800,2,1,1,3,7,439,,M,4907588.0,116640.0,270
201600000784,16,2,14,1715,1,1,2,1,3,342,,M,4912089.0,108212.0,270
201600000785,16,4,21,745,1,2,1,7,3,375,rue du Clos Maurer,M,4920956.0,111226.0,270
201600000786,16,6,3,1545,1,2,9,1,6,439,,M,4905964.0,116686.0,270
201600000787,16,8,13,1100,1,1,1,1,3,598,,M,4921880.0,121576.0,270
201600000788,16,8,15,1700,1,2,3,1,3,14,Route de Louviers - D61,M,4914929.0,115391.0,270
201600000789,16,9,8,1700,1,1,1,1,5,624,,M,4919058.0,109866.0,270
201600000790,16,10,13,1045,1,1,2,1,3,401,,M,0.0,0.0,270
201600000791,16,11,14,1730,1,1,1,1,6,3,,M,4917306.0,120007.0,270
201600000792,16,10,3,1400,1,1,1,1,6,230,,M,4886673.0,138943.0,270
201600000793,16,1,10,145,3,1,2,1,3,249,,M,4918260.0,125751.0,270
201600000794,16,1,14,1215,1,1,1,8,1,25,,M,4910830.0,129509.0,270
201600000795,16,4,11,1045,1,1,2,1,3,489,,M,4907176.0,122184.0,270
201600000796,16,5,3,1715,1,2,3,1,3,25,Rue Yves Montand,M,4908885.0,128885.0,270
201600000797,16,5,5,2215,3,1,4,1,1,517,,M,4912021.0,131004.0,270
201600000798,16,6,4,430,2,1,2,1,3,275,,M,4915404.0,136358.0,270
201600000799,16,7,25,1430,1,1,1,8,7,517,,M,4914119.0,134934.0,270
201600000800,16,10,8,1130,1,1,9,1,1,517,,M,4912855.0,131135.0,270
201600000801,16,11,15,2030,3,1,1,1,1,611,,M,4908606.0,126467.0,270
201600000802,16,12,10,815,1,1,3,1,3,275,,M,4915773.0,134687.0,270
201600000803,16,1,11,2000,5,1,1,2,3,188,,M,4929974.0,108060.0,270
201600000804,16,2,26,1845,3,1,1,1,1,365,,M,4929407.0,120033.0,270
201600000805,16,4,3,1630,1,1,1,1,6,365,,M,4929793.0,120833.0,270
201600000806,16,5,6,1715,1,1,2,1,1,188,,M,4929904.0,107860.0,270
201600000807,16,7,27,730,1,1,1,1,7,648,,M,4925158.0,110357.0,270
201600000808,16,8,16,1830,1,1,4,1,3,412,,M,4923869.0,111898.0,270
201600000809,16,10,11,1845,1,2,1,1,6,469,avenue DELATTRE Tassigny,M,4930388.0,115943.0,270
201600000810,16,11,9,145,3,1,1,2,6,322,,M,4924230.0,104924.0,270
201600000811,16,11,23,1645,2,1,1,8,6,365,,M,4928943.0,120010.0,270
201600000812,16,12,16,930,2,2,3,1,6,386,boulevard de la Seine,M,4931073.0,120074.0,270
201600000813,16,1,14,715,3,1,1,3,1,282,,M,4904176.0,108042.0,270
201600000814,16,1,31,1245,1,1,9,2,6,534,,M,4924222.0,104904.0,270
201600000815,16,2,7,1500,1,2,2,1,3,700,,M,4921903.0,103623.0,270
201600000816,16,3,30,1115,1,2,6,1,6,261,D840/D81,M,4921870.0,94345.0,270
201600000817,16,6,15,1800,1,1,1,8,1,654,rue des maronniers,M,4921363.0,89244.0,270
201600000818,16,7,5,815,1,1,2,1,6,55,,M,4911269.0,104166.0,270
201600000819,16,7,16,15,3,1,1,1,5,616,,M,4926665.0,98280.0,270
201600000820,16,8,8,1900,1,2,1,1,1,579,CD840,M,4923714.0,95530.0,270
201600000821,16,8,18,2030,1,1,1,1,7,192,,M,4913563.0,93575.0,270
201600000822,16,9,15,830,1,1,1,1,1,344,,M,4924475.0,82694.0,270
201600000823,16,11,1,400,3,2,9,5,6,389,route de Louviers,M,4914833.0,96762.0,270
201600000824,16,11,19,2145,3,1,1,6,6,658,,M,4910896.0,90956.0,270
201600000825,16,2,1,1145,1,1,1,1,6,260,602 route de l'estuaire,M,4940475.0,42059.0,270
201600000826,16,2,12,2345,3,1,1,1,6,65,,M,4931695.0,34582.0,270
201600000827,16,4,15,1000,1,2,1,1,6,467,Rue du Maquis SURCOUF,M,4934763.0,52289.0,270
201600000828,16,5,10,945,1,1,1,1,1,655,,M,4932910.0,53037.0,270
201600000829,16,5,25,1645,1,2,2,1,3,467,avenue de l'Europe,M,4935035.0,53026.0,270
201600000830,16,7,7,1300,1,1,1,1,6,65,,M,4932634.0,34466.0,270
201600000831,16,7,17,2200,2,2,3,1,6,656,route vallée de la masse,M,4935917.0,47784.0,270
201600000832,16,7,27,2300,3,1,1,2,7,549,,M,4933471.0,52713.0,270
201600000833,16,9,17,1600,1,1,1,2,6,174,,M,4933332.0,60327.0,270
201600000834,16,11,7,800,1,2,1,2,5,656,32 route de la Vallée,M,4935854.0,47933.0,270
201600000835,16,11,20,1045,1,2,2,1,3,467,66 rue du maquis surcouf,M,4934902.0,52103.0,270
201600000836,16,11,22,1715,2,2,2,1,6,467,rue du Maquis Surcouf,M,4934751.0,52148.0,270
201600000837,16,11,26,1130,1,1,1,1,3,655,,M,4933854.0,51149.0,270
201600000838,16,2,13,1230,1,1,1,3,2,580,,M,4923993.0,119897.0,270
201600000839,16,6,12,200,3,1,1,2,6,244,,M,4932424.0,74989.0,270
201600000840,16,7,31,1200,1,2,1,1,1,102,rue Denize,M,4935623.0,76539.0,270
201600000841,16,9,27,1730,1,2,1,1,6,227,60 route de bourneville,M,4938254.0,66492.0,270
201600000842,16,10,1,1515,1,2,1,1,6,133,CD 93,M,4937118.0,91589.0,270
201600000843,16,7,14,2315,3,1,1,1,6,367,rue des hauts vents,M,4924346.0,49743.0,270
201600000844,16,12,27,1445,1,1,2,1,3,538,,M,4926903.0,56583.0,270
201600000845,16,1,20,1900,3,1,1,1,6,47,,M,4800140.0,-174096.0,350
201600000846,16,4,23,1645,1,1,1,8,5,66,,M,0.0,0.0,350
201600000847,16,6,7,2315,3,1,1,1,6,47,,M,4801262.0,-174551.0,350
201600000848,16,9,14,1130,1,1,1,1,6,47,,M,4804975.0,-174841.0,350
201600000849,16,10,6,1910,1,2,1,1,5,47,D44 au niveau du terrain,M,4802714.0,-173048.0,350
201600000850,16,3,18,930,1,1,3,1,3,177,,M,4821855.0,-174809.0,350
201600000851,16,4,22,2145,5,2,1,1,1,233,le grand bois,M,4835792.0,-181851.0,350
201600000852,16,4,30,2000,1,2,3,1,3,79,rue de rennes,M,4820962.0,-163009.0,350
201600000853,16,5,11,1600,1,2,1,1,7,296,lieu dit la ratulais,M,4826775.0,-165075.0,350
201600000854,16,8,18,1730,1,2,1,1,3,107,28 avenue de l'illet,M,4825850.0,-151566.0,350
201600000855,16,9,3,2000,1,2,1,1,3,315,ROUTE DE LA CHESNAIE,M,4821880.0,-158114.0,350
201600000856,16,9,26,2130,3,1,1,1,7,154,,M,4821610.0,-139203.0,350
201600000857,16,9,26,1730,1,2,1,1,1,1,rue du fort de la motte,M,4813370.0,-153266.0,350
201600000858,16,11,1,1400,1,1,1,1,1,154,"La Bruyère des Roches, D",M,4822479.0,-139339.0,350
201600000859,16,2,28,800,1,1,1,1,6,184,,M,4822326.0,-211254.0,350
201600000860,16,5,29,1900,1,2,1,1,6,26,23 ALLEE CLOS DE LA GRAN,M,4811094.0,-212558.0,350
201600000861,16,7,12,1145,1,2,7,1,6,297,PLACE DE LA MAIRIE,M,4818926.0,-219180.0,350
201600000862,16,8,3,1915,1,1,1,1,2,302,,M,4818150.0,-215752.0,350
201600000863,16,8,14,1730,1,1,1,1,6,143,,M,4822605.0,-202346.0,350
201600000864,16,8,24,1345,1,2,1,1,3,297,106 rue de merdrignac,M,4818894.0,-220539.0,350
201600000865,16,9,16,1800,1,1,1,1,2,184,,M,4820617.0,-203880.0,350
201600000866,16,9,30,745,1,1,2,1,5,27,,M,4816803.0,-205409.0,350
201600000867,16,2,27,1815,2,1,1,1,1,187,,M,4805160.0,-197424.0,350
201600000868,16,3,4,1300,1,2,1,1,3,188,bld de la duchesse anne,M,4814547.0,-196853.0,350
201600000869,16,3,11,1515,1,1,1,7,1,133,,M,4815479.0,-201547.0,350
201600000870,16,3,16,1645,1,1,1,6,2,223,,M,4799596.0,-207911.0,350
201600000871,16,4,19,1400,1,2,2,1,1,133,RUE DE MONTAUBAN,M,4813245.0,-203620.0,350
201600000872,16,5,6,100,3,1,1,1,6,227,,M,4817716.0,-192325.0,350
201600000873,16,5,31,1800,1,2,6,1,1,188,rue de la Nouaye,M,4814161.0,-196389.0,350
201600000874,16,7,20,1615,1,1,1,1,1,331,,M,4811248.0,-193068.0,350
201600000875,16,9,16,745,2,1,1,2,3,227,,M,4817682.0,-192317.0,350
201600000876,16,1,15,715,3,1,1,9,6,196,,M,4810161.0,-184009.0,350
201600000877,16,1,19,1745,3,1,1,1,2,240,,M,4809624.0,-175978.0,350
201600000878,16,3,11,2300,4,1,6,1,7,76,,M,4806034.0,-177571.0,350
201600000879,16,4,20,1545,1,2,1,1,3,196,RUE DES GENETS,M,4808003.0,-184118.0,350
201600000880,16,5,4,1515,1,1,2,1,1,37,,M,4805135.0,-185337.0,350
201600000881,16,8,17,830,1,2,6,7,3,240,Rond-Point du chëne Vert,M,4809248.0,-178044.0,350
201600000882,16,10,7,1515,1,1,1,1,7,240,Lieudit Le Moulin d'Apig,M,4809512.0,-176174.0,350
201600000883,16,10,18,745,1,1,1,5,3,76,les grands chapelais,M,4807129.0,-176551.0,350
201600000884,16,11,23,2230,3,1,1,8,2,76,LE PETIT BAS MEE,M,4808169.0,-179032.0,350
201600000885,16,12,6,1710,2,2,3,9,7,196,Avenue de Lorient,M,4807095.0,-185217.0,350
201600000886,16,4,13,1800,1,2,9,3,6,142,18 avenue Victor Hugo,M,4841700.0,-115209.0,350
201600000887,16,7,18,945,1,1,1,1,1,18,,M,4843754.0,-110444.0,350
201600000888,16,8,12,1100,1,1,3,7,1,138,La Parcherie,M,4837867.0,-115010.0,350
201600000889,16,1,18,1245,1,1,1,2,6,355,,M,4834163.0,-152106.0,350
201600000890,16,5,25,1945,1,1,1,1,2,326,,M,4833158.0,-153034.0,350
201600000891,16,6,18,1100,1,1,1,1,7,355,,M,4834615.0,-149409.0,350
201600000892,16,6,27,915,1,1,1,2,5,282,,M,4827779.0,-135503.0,350
201600000893,16,8,13,1815,1,1,1,7,2,178,La Polka,M,4828696.0,-143407.0,350
201600000894,16,1,16,115,3,1,1,4,7,83,,M,4845463.0,-139700.0,350
201600000895,16,4,24,130,3,1,1,1,7,341,,M,4842168.0,-141252.0,350
201600000896,16,5,28,730,1,2,2,8,6,257,1 rue chateaubriand,M,4841086.0,-136649.0,350
201600000897,16,6,9,900,1,1,1,1,7,267,,M,0.0,0.0,350
201600000898,16,7,25,715,1,1,1,8,6,303,,M,4846894.0,-144364.0,350
201600000899,16,9,9,915,1,1,6,7,3,257,,M,4839884.0,-137221.0,350
201600000900,16,1,24,2015,3,1,1,1,1,236,,M,4766763.0,-209100.0,350
201600000901,16,1,23,2230,5,2,1,2,6,236,RUE DU TRIBUNAL,M,4765180.0,-208139.0,350
201600000902,16,2,8,1600,1,2,6,1,3,236,rue de la barre,M,4765749.0,-208435.0,350
201600000903,16,4,12,1015,1,2,3,7,3,13,PLACE NOMINOÊ,M,4770480.0,-207084.0,350
201600000904,16,6,27,1600,1,2,2,1,3,236,9 rue de Cotard,M,4766771.0,-206348.0,350
201600000905,16,8,13,1515,1,1,2,1,3,13,,M,4770657.0,-205423.0,350
201600000906,16,9,8,1145,1,1,1,1,1,13,,M,4770939.0,-208854.0,350
201600000907,16,10,27,1715,1,2,1,1,6,236,rue des douves,M,4765064.0,-208609.0,350
201600000908,16,11,11,2150,3,1,1,1,6,13,le pissot,M,4768355.0,-208648.0,350
201600000909,16,12,8,2330,3,1,1,1,6,64,Sert,M,4770241.0,-192349.0,350
201600000910,16,12,26,2058,3,2,1,1,6,236,"route de vannes, zone de",M,4763815.0,-209372.0,350
201600000911,16,2,27,1115,1,1,2,1,3,231,,M,4789819.0,-170181.0,350
201600000912,16,4,25,2030,2,2,2,1,3,321,,M,4791557.0,-158885.0,350
201600000913,16,5,4,1330,1,1,1,1,7,221,,M,4787801.0,-177752.0,350
201600000914,16,5,11,45,3,1,1,1,6,106,,M,4784356.0,-158927.0,350
201600000915,16,6,8,115,3,1,1,1,7,33,,M,4792726.0,-167368.0,350