Num_Acc,an,mois,jour,hrmn,lum,agg,int,atm,col,com,adr,gps,lat,long,dep
201600000916,16,6,16,1915,1,1,1,1,1,12,,M,4786812.0,-165772.0,350
201600000917,16,7,26,1730,1,1,1,1,6,145,La Nouette du Bot,M,4775044.0,-189803.0,350
201600000918,16,2,3,630,3,1,1,1,7,149,,M,4797721.0,-183790.0,350
201600000919,16,2,10,1630,1,1,1,1,2,126,,M,4795375.0,-177967.0,350
201600000920,16,4,8,1730,1,1,1,1,4,126,,M,4794964.0,-177578.0,350
201600000921,16,4,16,2200,3,1,1,1,5,123,,M,4798891.0,-182228.0,350
201600000922,16,7,7,1615,1,1,3,1,3,139,La Boulais,M,4795562.0,-170105.0,350
201600000923,16,11,27,235,5,1,1,1,6,123,le Bois Martin,M,4801631.0,-182544.0,350
201600000924,16,12,24,1345,1,1,6,1,7,126,La Taupinais,M,4798416.0,-182976.0,350
201600000925,16,8,6,1645,1,2,1,1,6,129,rue de la résistance,M,4782454.0,-180021.0,350
201600000926,16,2,1,145,3,1,1,1,1,285,,M,4775699.0,-194245.0,350
201600000927,16,5,6,1530,1,1,9,1,3,289,,M,4787868.0,-178018.0,350
201600000928,16,6,6,1445,1,2,1,1,3,175,19 rue de la Perriere,M,4789520.0,-197404.0,350
201600000929,16,9,8,1945,1,1,1,1,1,168,,M,4792596.0,-203702.0,350
201600000930,16,5,5,1900,1,1,1,1,1,314,,M,4856011.0,-195337.0,350
201600000931,16,6,18,1900,1,1,1,1,3,299,,M,4865640.0,-187100.0,350
201600000932,16,8,3,2000,1,1,1,1,6,179,,M,4854617.0,-192290.0,350
201600000933,16,8,21,1600,1,1,1,1,3,49,,M,4864461.0,-188514.0,350
201600000934,16,3,20,1545,1,1,1,1,7,228,,M,4854748.0,-204015.0,350
201600000935,16,3,29,2045,3,2,6,1,3,228,,M,4859343.0,-206850.0,350
201600000936,16,4,21,1730,1,1,2,2,3,228,L'Ivenais,M,4860574.0,-206842.0,350
201600000937,16,5,24,1030,1,1,3,1,3,256,,M,4861203.0,-212309.0,350
201600000938,16,8,6,545,2,1,1,1,1,228,,M,4860344.0,-206893.0,350
201600000939,16,9,14,1700,1,2,1,1,1,228,rue Maryse Bastié,M,4857747.0,-206356.0,350
201600000940,16,9,22,1700,1,1,2,1,3,287,,M,4861885.0,-210613.0,350
201600000941,16,11,19,1740,3,1,1,2,1,228,D266,M,4860223.0,-206944.0,350
201600000942,16,11,30,1340,1,1,1,1,1,228,VC148 - Lieu dit l'étanc,M,4860323.0,-205688.0,350
201600000943,16,1,22,815,2,2,1,3,6,360,Boulevard d'Helmstedt,M,4811122.0,-120564.0,350
201600000944,16,5,13,1030,1,2,6,2,3,360,rue de Redon,M,4810943.0,-121601.0,350
201600000945,16,5,19,1830,1,2,1,1,7,15,1 rue de la bergerie,M,4816779.0,-119417.0,350
201600000946,16,6,26,745,1,1,6,1,7,360,,M,4812417.0,-123291.0,350
201600000947,16,7,16,2100,1,1,1,1,6,87,,M,4807917.0,-131445.0,350
201600000948,16,7,25,1800,1,2,1,1,3,360,rue des eaux,M,4812005.0,-119193.0,350
201600000949,16,9,21,745,2,1,1,8,1,360,,M,4812013.0,-123262.0,350
201600000950,16,1,30,430,3,1,1,8,6,207,,M,4810856.0,-152620.0,350
201600000951,16,2,4,745,1,1,1,1,5,204,,M,4804642.0,-157496.0,350
201600000952,16,4,22,2015,1,1,3,1,1,254,,M,4804579.0,-145833.0,350
201600000953,16,5,5,945,1,1,1,1,2,207,,M,4810475.0,-149965.0,350
201600000954,16,5,20,1715,1,1,1,1,1,99,,M,4809139.0,-155880.0,350
201600000955,16,2,14,545,5,1,6,8,6,167,,M,4784187.0,-132485.0,350
201600000956,16,3,2,130,3,1,1,2,7,114,,M,4785308.0,-128756.0,350
201600000957,16,7,16,2345,3,1,1,1,7,239,,M,4789124.0,-133781.0,350
201600000958,16,2,17,2030,5,2,1,2,3,136,route de Bain,M,4795201.0,-150829.0,350
201600000959,16,3,12,2345,3,1,1,1,7,28,,M,4797075.0,-141077.0,350
201600000960,16,3,19,1845,2,1,1,1,1,2,,M,4801793.0,-150922.0,350
201600000961,16,4,2,230,3,1,3,1,6,108,,M,4795228.0,-142279.0,350
201600000962,16,5,20,830,1,2,1,1,6,136,impasse de la gare,M,4795505.0,-149760.0,350
201600000963,16,6,8,345,3,1,1,1,6,41,,M,4795931.0,-153719.0,350
201600000964,16,8,19,1230,1,1,2,1,3,136,,M,4792056.0,-153650.0,350
201600000965,16,9,2,515,3,1,1,1,6,333,,M,4789895.0,-143050.0,350
201600000966,16,10,12,1630,1,1,1,1,6,198,"les perrières, route dép",M,4799649.0,-136573.0,350
201600000967,16,11,10,915,1,1,1,1,6,41,D163,M,4794593.0,-156163.0,350
201600000968,16,7,2,830,1,2,1,1,7,181,route de Pontivy,M,4822130.0,-317651.0,220
201600000969,16,2,1,815,1,2,1,1,1,93,Rue de la Ville Es Lan,M,4846728.0,-254615.0,220
201600000970,16,3,5,1115,1,2,3,9,3,93,chanoine du temple,M,4846519.0,-251109.0,220
201600000971,16,4,21,815,3,1,3,1,7,2,,M,4848619.0,-255640.0,220
201600000972,16,5,12,1245,1,2,6,1,6,93,RUE DE BELLE ISSUE,M,4846797.0,-250688.0,220
201600000973,16,6,9,2030,1,1,1,1,2,246,le bignon,M,4846648.0,-260574.0,220
201600000974,16,6,18,1800,1,2,1,1,6,93,20 rue du Dr Lavergne,M,4846711.0,-251976.0,220
201600000975,16,6,17,1745,1,1,2,1,3,326,la croix verte,M,4843572.0,-242666.0,220
201600000976,16,7,14,2115,1,1,1,1,7,93,Créhellan,M,4841348.0,-253358.0,220
201600000977,16,7,31,730,1,1,2,1,7,93,,M,4846920.0,-244342.0,220
201600000978,16,8,10,1100,1,1,1,1,6,44,RUE DU LAVOIR,M,4849043.0,-260603.0,220
201600000979,16,9,1,1200,1,1,1,1,3,93,,M,4848655.0,-248655.0,220
201600000980,16,9,12,915,1,2,3,1,1,93,Rue de la gabinière,M,4843725.0,-254107.0,220
201600000981,16,11,8,2030,3,1,1,3,5,93,le pont billy,M,4844401.0,-251098.0,220
201600000982,16,1,9,615,3,1,1,2,6,314,saint roch,M,4809422.0,-276872.0,220
201600000983,16,4,14,1600,1,1,2,3,3,300,la gare d'uzel,M,4828195.0,-281255.0,220
201600000984,16,4,19,1945,2,1,1,1,7,275,le champ de la croix,M,4813066.0,-271284.0,220
201600000985,16,5,11,745,2,1,1,5,1,155,belle joie,M,4821778.0,-275508.0,220
201600000986,16,7,8,1515,1,2,1,1,6,136,04 boulevard de la gare,M,4817699.0,-275855.0,220
201600000987,16,7,14,615,2,1,1,1,6,75,coetmizan,M,4814643.0,-284922.0,220
201600000988,16,7,20,1830,1,1,3,1,3,136,Z.I. les parpareux,M,4817930.0,-267952.0,220
201600000989,16,8,7,330,3,1,1,1,6,1,le coudre,M,4830457.0,-289245.0,220
201600000990,16,9,8,500,3,1,1,1,1,136,la croix,M,4814900.0,-275611.0,220
201600000991,16,9,15,1230,1,2,1,1,6,136,rue de penthièvre,M,4818329.0,-275685.0,220
201600000992,16,10,28,745,5,2,1,5,1,136,rue Jean Le Cam,M,4819129.0,-276869.0,220
201600000993,16,11,21,1800,5,2,2,1,3,136,rue du docteur ROBIN,M,4818201.0,-276072.0,220
201600000994,16,4,3,300,3,1,1,1,6,86,kerpuns,M,4873196.0,-302727.0,220
201600000995,16,4,30,1600,1,1,1,1,3,214,le clandy,M,4874091.0,-297963.0,220
201600000996,16,8,4,1700,1,2,1,1,2,210,rue Ar Guer Vihan,M,4879682.0,-303456.0,220
201600000997,16,9,11,1515,1,1,1,1,3,162,LE Lédano,M,4877802.0,-310099.0,220
201600000998,16,9,12,1345,1,2,1,1,7,233,Route de Frynaudour,M,4873854.0,-310265.0,220
201600000999,16,3,4,1430,1,2,1,3,2,54,rue du port,M,4863608.0,-247089.0,220
201600001000,16,4,6,1800,1,1,2,2,3,54,le chalet,M,4861181.0,-246635.0,220
201600001001,16,5,4,1215,1,2,1,1,6,186,78 rue clemenceau,M,4858671.0,-254937.0,220
201600001002,16,5,26,1530,1,1,1,1,1,154,gouranton,M,4851063.0,-259683.0,220
201600001003,16,6,17,1615,1,2,4,1,3,273,croix de la mission,M,4855663.0,-253637.0,220
201600001004,16,7,29,1645,1,2,3,1,3,54,rue clemenceau,M,4862888.0,-246366.0,220
201600001005,16,7,19,1415,1,1,1,1,3,81,le champ du tertre,M,4852548.0,-266658.0,220
201600001006,16,8,2,1030,1,2,2,8,3,81,rue de tregot,M,4852995.0,-266598.0,220
201600001007,16,8,11,1200,1,1,3,1,3,186,la lande beuve,M,4861687.0,-244737.0,220
201600001008,16,11,19,1800,3,1,1,3,6,389,rue de la fontaine ménar,M,4846871.0,-270555.0,220
201600001009,16,11,21,2215,5,2,1,6,6,389,avenue georges pompidou,M,4847819.0,-268721.0,220
201600001010,16,12,9,1100,1,2,1,1,6,186,26rue de saint alban,M,4858119.0,-253456.0,220
201600001011,16,12,13,1800,5,1,1,1,3,81,,M,4848508.0,-264984.0,220
201600001012,16,1,21,800,3,1,1,1,5,277,,M,4839026.0,-291249.0,220
201600001013,16,2,18,1615,1,1,1,1,3,176,,M,4842538.0,-274552.0,220
201600001014,16,3,6,845,1,1,1,9,5,176,magenta,M,4846604.0,-275234.0,220
201600001015,16,3,12,1445,1,1,2,1,3,171,le pont du hino,M,4839820.0,-282686.0,220
201600001016,16,5,4,1830,1,1,2,1,1,99,la grande noë,M,4837291.0,-294098.0,220
201600001017,16,6,19,1700,1,2,6,1,1,176,rue roger vercel,M,4846192.0,-274155.0,220
201600001018,16,7,4,45,3,1,1,1,7,277,le coudray,M,4836632.0,-283940.0,220
201600001019,16,7,8,1830,1,1,1,1,1,171,Raussan,M,4841377.0,-282936.0,220
201600001020,16,9,23,1900,1,1,2,1,3,287,les croix neuves,M,4847394.0,-287312.0,220
201600001021,16,10,14,2050,3,1,2,1,3,176,,M,4845870.0,-275579.0,220
201600001022,16,11,16,2100,3,1,1,1,6,277,,M,4841599.0,-284445.0,220
201600001023,16,11,17,1300,1,1,1,2,1,171,sebastopol,M,4840862.0,-282415.0,220
201600001024,16,1,7,1015,1,1,2,7,3,35,,M,4844473.0,-197567.0,220
201600001025,16,1,10,1130,1,1,1,7,3,388,,M,4843645.0,-214462.0,220
201600001026,16,2,3,1015,1,1,1,7,6,259,Z.A. des quatre routes,M,4844737.0,-207599.0,220
201600001027,16,2,17,1645,1,1,1,2,7,213,étang de coutances,M,4850221.0,-202523.0,220
201600001028,16,4,13,1230,1,1,2,1,1,364,,M,4842624.0,-209391.0,220
201600001029,16,5,18,1015,1,1,2,1,3,299,les vallées,M,4846321.0,-197728.0,220
201600001030,16,6,4,2315,5,2,6,1,3,118,RD PT DE LA BOULE D'OR,M,4845681.0,-202873.0,220
201600001031,16,6,7,1045,1,2,1,1,6,50,rue thiers,M,4845466.0,-204868.0,220
201600001032,16,8,3,1500,1,1,1,1,1,197,la forge,M,4849141.0,-196123.0,220
201600001033,16,8,24,1430,1,2,1,1,7,274,étang de Bétineuc,M,4837165.0,-200480.0,220
201600001034,16,9,2,1730,1,2,3,1,3,50,rue leconte de l isle,M,4845669.0,-204767.0,220
201600001035,16,9,19,1715,1,2,1,1,6,259,16 AVENUE DE L'AUBLETTE,M,4844767.0,-208039.0,220
201600001036,16,9,23,1930,3,1,1,1,2,118,,M,4845865.0,-202137.0,220
201600001037,16,10,4,1230,1,1,1,7,1,213,les pres,M,4851074.0,-199763.0,220
201600001038,16,10,11,945,1,1,6,1,3,327,Careil,M,4848887.0,-204198.0,220
201600001039,16,11,20,1100,1,1,1,8,6,308,LE MOTTAY,M,4835456.0,-208178.0,220
201600001040,16,10,28,1830,1,2,1,1,1,50,rue du Général de Gaulle,M,4845289.0,-203879.0,220
201600001041,16,12,20,1445,1,1,2,8,3,299,,M,4848222.0,-196177.0,220
201600001042,16,6,28,1545,1,2,1,1,6,179,15 rue des petites fonta,M,4862841.0,-236795.0,220
201600001043,16,7,21,1745,1,2,1,1,3,282,Bd de l'Arguenon,M,4857892.0,-222173.0,220
201600001044,16,9,10,730,1,1,1,1,6,76,la chesnaie,M,4856292.0,-238197.0,220
201600001045,16,11,13,1645,1,1,2,1,3,179,le pont de l'étang,M,4865163.0,-235608.0,220
201600001046,16,12,12,1845,5,2,3,2,3,179,rue des Petites Fontaine,M,4862787.0,-237034.0,220
201600001047,16,2,9,1700,1,2,1,3,6,70,rue des lutins,M,4856343.0,-314834.0,220
201600001048,16,5,28,1700,1,1,3,1,1,223,Croaz-goarneden,M,4858613.0,-319945.0,220
201600001049,16,7,23,1030,1,2,2,1,3,70,rue du général de gaulle,M,4856361.0,-314839.0,220
201600001050,16,7,29,1745,1,1,1,1,6,304,malaunay,M,4855503.0,-306151.0,220
201600001051,16,8,20,2130,5,2,2,1,3,70,rue du maréchal joffre,M,4856379.0,-315182.0,220
201600001052,16,11,28,1600,1,2,1,1,1,70,rue de la passerelle,M,4856085.0,-315560.0,220
201600001053,16,6,25,1945,1,1,1,1,7,198,,M,4877905.0,-348809.0,220
201600001054,16,6,24,1645,1,1,2,1,3,198,,M,4880912.0,-353306.0,220
201600001055,16,10,11,1545,1,2,1,7,6,168,rue Ernest RENAN - D788,M,4880224.0,-344349.0,220
201600001056,16,11,19,1815,3,1,4,6,3,90,,M,4877681.0,-337643.0,220
201600001057,16,11,28,1745,5,2,1,1,6,168,boulevard aristide brian,M,4881476.0,-344693.0,220
201600001058,16,12,22,1000,1,1,1,7,2,134,,M,4878674.0,-339841.0,220
201600001059,16,3,27,1830,1,2,2,2,3,225,rue de quimper,M,4795649.0,-435390.0,290
201600001060,16,4,21,1445,1,2,9,1,1,3,rue Victor Hugo,M,4802440.0,-454040.0,290
201600001061,16,5,7,1100,1,1,1,1,3,65,Le Fort,M,4803193.0,-426591.0,290
201600001062,16,5,27,1745,1,2,1,1,6,168,rue pierre brossolette,M,4803650.0,-466653.0,290
201600001063,16,6,7,1815,1,1,1,1,3,216,Route de Kerandraon,M,4798875.0,-418809.0,290
201600001064,16,7,24,1345,1,1,1,8,3,173,kergaben,M,4801571.0,-419682.0,290
201600001065,16,7,27,1815,1,1,1,8,1,173, Le paradis,M,4799927.0,-419181.0,290
201600001066,16,8,4,2030,1,2,1,7,3,197,12 bis rue Gal Leclerc,M,4801338.0,-448165.0,290
201600001067,16,8,27,1815,1,1,1,1,2,197,Ty Pic,M,4800397.0,-445136.0,290
201600001068,16,12,3,1415,1,2,1,1,1,197, 2 rue Gal Leclerc,M,4801374.0,-448359.0,290
201600001069,16,1,5,845,5,2,1,2,6,46,35 Rue duguay-trouin,M,4809178.0,-433136.0,290
201600001070,16,1,7,1230,1,2,1,2,1,46,rue Morvan Lebesque,M,4808797.0,-430236.0,290
201600001071,16,1,17,1900,3,1,1,2,1,226,L'espérance,M,4806259.0,-436407.0,290
201600001072,16,4,14,945,1,2,1,2,6,46,1 rue yann d'argent,M,4808753.0,-432432.0,290
201600001073,16,9,18,1715,1,1,1,1,1,169,Kernec,M,4805795.0,-414671.0,290
201600001074,16,10,2,45,5,2,1,1,6,46,avenue Pablo Neruda,M,4807633.0,-432817.0,290
201600001075,16,10,19,1615,1,1,1,1,7,46,Rue de Kerdaniel,M,4809506.0,-436303.0,290
201600001076,16,11,3,1630,1,2,1,1,6,46,22 Rue Duguay-Trouin,M,4809231.0,-433068.0,290
201600001077,16,11,16,245,5,2,2,2,3,46,Terre plein du Rosmeur,M,4809753.0,-432675.0,290
201600001078,16,12,5,1830,5,1,9,1,6,46,Rte de Quimper,M,4807121.0,-430390.0,290
201600001079,16,12,21,1800,5,2,1,3,6,46,Boulevard Jean MOULIN,M,4808649.0,-434099.0,290
201600001080,16,1,14,2200,3,1,1,8,6,161,Hameau des Primeveres,M,4791449.0,-406005.0,290
201600001081,16,1,23,230,3,1,1,5,7,58, route de la Foret,M,0.0,0.0,290
201600001082,16,2,22,1930,3,1,1,2,1,57,Le Vouden,M,4792112.0,-396814.0,290
201600001083,16,4,17,1900,1,1,6,1,7,247,Mouster Ch'oat,M,4795081.0,-402275.0,290
201600001084,16,5,11,1345,1,1,1,1,3,57, Chemin des Poiriers,M,4791147.0,-399999.0,290
201600001085,16,7,7,1800,1,2,1,1,3,161,lieu dit Moulin du ont,M,4792426.0,-407216.0,290
201600001086,16,8,5,930,1,1,1,1,6,32,Le Drennec,M,4791273.0,-407240.0,290
201600001087,16,9,19,1500,1,2,1,1,6,6,AVENUE DE LA PLAGE,M,4787341.0,-410852.0,290
201600001088,16,11,15,1615,1,1,1,1,2,247,N165 Troyallac'h,M,4797825.0,-401119.0,290
201600001089,16,11,21,1700,2,1,1,2,5,32,Pont de Cornouaille,M,4788674.0,-411886.0,290
201600001090,16,11,23,1800,5,2,1,2,6,247,3 place de la mairie,M,4793656.0,-402247.0,290
201600001091,16,11,25,800,2,1,2,1,3,161,Kerlevot,M,4791648.0,-406211.0,290
201600001092,16,12,2,600,3,1,1,1,1,57,,M,4791467.0,-394838.0,290
201600001093,16,12,20,2315,3,1,1,2,6,32,SAINT JEAN,M,4789258.0,-409367.0,290
201600001094,16,1,12,1445,1,2,6,2,1,135,Rue du Général DE GAULLE,M,4783508.0,-418981.0,290
201600001095,16,3,16,215,3,1,1,1,7,174,Le Hellés,M,4789556.0,-426793.0,290
201600001096,16,4,11,1830,1,1,1,1,4,171,,M,4781197.0,-428291.0,290
201600001097,16,7,15,1745,1,2,1,1,6,135,39 rue du Port,M,4783513.0,-416991.0,290
201600001098,16,7,26,1215,1,2,1,1,1,72,30 rue jean baudry,M,4779613.0,-427883.0,290
201600001099,16,7,31,745,1,1,6,9,6,37,Ty Robin,M,4790920.0,-419322.0,290
201600001100,16,8,8,1900,1,2,1,1,7,220,Rue Rostropovitch,M,4786836.0,-422532.0,290
201600001101,16,8,27,630,2,2,1,1,6,252,Route de Ploneour,M,4786762.0,-428128.0,290
201600001102,16,10,16,2115,3,1,1,1,6,37,Coat Dero,M,4789354.0,-420154.0,290
201600001103,16,12,3,815,2,1,1,9,7,284, Leslae ,M,4782112.0,-426628.0,290
201600001104,16,12,16,1715,1,2,1,1,3,220,Rue Victor Hugo,M,4786950.0,-422173.0,290
201600001105,16,1,22,830,2,2,1,3,6,75,rue du Rody,M,4840199.0,-443301.0,290
201600001106,16,5,7,1600,1,1,1,1,3,268,Guern er Méal ,M,4846840.0,-432418.0,290
201600001107,16,7,13,1030,1,1,1,1,1,75,D67,M,4842008.0,-439066.0,290
201600001108,16,9,28,1145,1,2,6,1,2,75,rue Augustin Fresnel,M,4843054.0,-444094.0,290
201600001109,16,10,11,730,2,2,1,1,3,75,rue charles de gaulle,M,4843308.0,-439832.0,290
201600001110,16,10,26,1730,1,2,2,1,3,235,Bld charles de gaulle,M,4840090.0,-440578.0,290
201600001111,16,10,31,1915,5,2,1,1,6,235,rue de Kériguel,M,4840366.0,-439508.0,290
201600001112,16,1,24,1215,1,1,1,1,1,128,Pont Ar Zal,M,4847690.0,-407410.0,290
201600001113,16,3,19,1445,1,1,2,1,3,237,Le Pontois,M,4846590.0,-420546.0,290
201600001114,16,9,29,1115,1,1,1,2,3,237,Keraoul Izella,M,4846276.0,-421904.0,290
201600001115,16,10,12,1915,2,1,1,1,1,181,Trevianou,M,4848178.0,-425977.0,290
201600001116,16,1,15,845,1,2,1,1,1,91,Av du 1er Maître L'Her,M,4864499.0,-437082.0,290
201600001117,16,12,8,900,1,1,2,1,3,124,Coatidreux,M,4857355.0,-430239.0,290
201600001118,16,4,24,1445,1,2,6,1,1,209,rue du tregor,M,0.0,0.0,290
201600001119,16,5,21,1900,1,1,1,1,6,95,Kergarantez,M,4847079.0,-437946.0,290
201600001120,16,6,2,1630,1,2,2,1,4,195,Douar Nevez,M,4860716.0,-451131.0,290
201600001121,16,6,12,1030,1,1,1,8,1,209,Kergrac'h ,M,4854153.0,-442925.0,290
201600001122,16,7,2,430,3,1,6,1,3,15,la grande Ile,M,4849075.0,-450084.0,290
201600001123,16,7,13,1330,1,1,1,1,1,77,Kerisquin,M,4861466.0,-435436.0,290
201600001124,16,8,13,615,5,2,1,1,3,160,avenue walthenhofen,M,0.0,0.0,290
201600001125,16,12,27,1845,5,2,1,1,1,117,rue du docteur Morvan,M,4857097.0,-452311.0,290
201600001126,16,1,4,1715,1,1,1,2,6,178,Pen ar valy,M,4853652.0,-467467.0,290
201600001127,16,4,19,800,1,1,3,7,3,257,Croas ar marzin,M,4855803.0,-462641.0,290
201600001128,16,4,26,130,3,2,1,1,7,109,ROUTE DE BREST,M,4851963.0,-475006.0,290
201600001129,16,5,2,2115,2,1,1,1,7,149, Kerloussouran,M,4844925.0,-449580.0,290
201600001130,16,6,14,2245,3,1,1,1,6,177, Kerapouson,M,4845099.0,-471956.0,290
201600001131,16,7,10,230,3,1,1,2,7,109,,M,0.0,0.0,290
201600001132,16,7,22,1630,1,1,1,1,1,69,Kermaria,M,4843718.0,-457154.0,290
201600001133,16,7,28,1030,1,1,1,1,3,196,Keraloret,M,4851864.0,-457431.0,290
201600001134,16,8,31,115,4,1,1,1,6,257,Croaz ar Marzin,M,4855790.0,-462682.0,290
201600001135,16,9,5,830,1,1,1,1,3,196, Loc Majan ,M,4858239.0,-455530.0,290
201600001136,16,9,11,100,3,2,1,1,6,149,Noalejou,M,4843062.0,-459114.0,290
201600001137,16,9,18,830,1,1,1,7,5,177,languis,M,4843322.0,-470752.0,290
201600001138,16,9,19,830,1,1,1,1,2,149,Pen Ar Valy,M,4845891.0,-451205.0,290
201600001139,16,10,25,1130,1,1,3,1,3,99,Route de Ploudalmézeau,M,4855517.0,-465179.0,290
201600001140,16,10,25,2145,3,1,1,5,6,177,Langoulouman,M,4844166.0,-476034.0,290
201600001141,16,10,27,2000,5,2,6,1,7,149,rue de l'armor,M,4846532.0,-456396.0,290
201600001142,16,11,22,1115,1,2,6,7,6,260,place leclerc,M,4843141.0,-462065.0,290
201600001143,16,11,23,1815,3,1,1,2,1,177,Kervern,M,4843832.0,-472417.0,290
201600001144,16,12,1,1445,1,1,1,7,1,196, Kerherhal,M,4853114.0,-462296.0,290
201600001145,16,12,8,1745,2,1,1,1,3,208,Langonery,M,4849570.0,-468977.0,290
201600001146,16,12,11,1830,3,1,1,2,3,178,Coat Huella,M,4852125.0,-467782.0,290
201600001147,16,1,4,100,3,1,1,6,6,240, route de Térénez,M,4829231.0,-418487.0,290
201600001148,16,4,13,1515,1,1,1,1,3,176,Tréanna- RD 63,M,4811157.0,-420599.0,290
201600001149,16,9,9,815,1,1,3,1,3,53,Kiella Echangeur,M,4829641.0,-417130.0,290
201600001150,16,9,22,1615,2,1,1,1,6,176,Rue de l'Argoat,M,4812764.0,-421329.0,290
201600001151,16,10,20,1100,1,2,1,1,7,302,rue de quimper,M,4824820.0,-408408.0,290
201600001152,16,12,11,1715,5,2,1,1,6,26,Rue du Chateau,M,4819567.0,-409936.0,290
201600001153,16,1,8,1445,1,2,6,1,1,24,Rd point des Musiciennes,M,4827776.0,-355274.0,290
201600001154,16,2,11,1,3,1,1,1,6,250,Pont Borgne ,M,4821950.0,-358596.0,290
201600001155,16,4,17,1900,1,1,1,1,6,227,,M,4834448.0,-366370.0,290
201600001156,16,10,24,300,3,1,1,5,6,89, Pont Guennou,M,4826829.0,-361674.0,290
201600001157,16,12,8,830,1,2,1,1,6,24,rue Charles le Goff,M,4827952.0,-358263.0,290
201600001158,16,12,12,1715,2,1,1,1,1,81,Pontauban,M,4835271.0,-378605.0,290
201600001159,16,12,17,1200,1,1,2,1,3,275,Croas ar Viez,M,4844202.0,-364318.0,290
201600001160,16,12,24,2000,3,1,1,1,6,7, Quenoualch,M,4839726.0,-381823.0,290
201600001161,16,3,29,2215,3,1,1,1,6,27,,M,4820117.0,-385367.0,290
201600001162,16,4,15,1345,1,1,1,1,1,162,Ty Gwenn,M,4824904.0,-395472.0,290
201600001163,16,5,2,1930,1,1,1,1,6,20,,M,4808430.0,-404790.0,290
201600001164,16,5,22,430,3,1,1,2,6,48,Coat Caer,M,4812322.0,-396689.0,290
201600001165,16,7,10,1700,1,1,9,1,3,175,Le Lorziou,M,4828876.0,-385503.0,290
201600001166,16,8,7,1645,1,1,1,1,1,20,,M,4810881.0,-395704.0,290
201600001167,16,8,20,645,2,1,1,8,6,20,Penity,M,4805074.0,-405480.0,290
201600001168,16,9,17,1430,1,1,1,1,1,20,,M,4809900.0,-404500.0,290
201600001169,16,9,27,1130,1,1,1,2,7,102,Kerbuluet,M,4823480.0,-374300.0,290
201600001170,16,9,29,845,1,1,1,8,1,20,Park Qustinic,M,4805150.0,-403592.0,290
201600001171,16,10,5,800,2,1,1,1,1,20, Kerviny,M,4805600.0,-404500.0,290
201600001172,16,11,3,730,2,1,2,7,3,48,Kergariou ,M,4810583.0,-390537.0,290
201600001173,16,1,29,1830,4,2,1,1,6,42,rue Jules Simon,M,4824618.0,-448736.0,290
201600001174,16,4,5,1030,1,1,1,1,5,42,St Jean Leïdez ,M,4787899.0,-390393.0,290
201600001175,16,8,9,1830,1,1,1,1,3,42,Rue de Dinan,M,4823895.0,-451854.0,290
201600001176,16,8,15,1845,1,1,1,1,1,42,Route de l'Aber,M,4824600.0,-442052.0,290
201600001177,16,9,14,1145,1,1,1,1,6,120,rue du Fret,M,4828148.0,-447768.0,290
201600001178,16,10,27,1245,1,1,1,5,6,256,Menez Hom,M,4820359.0,-425336.0,290
201600001179,16,12,7,530,5,2,6,8,6,22,rue du Chanoine Bossenec,M,4827238.0,-459561.0,290
201600001180,16,12,23,800,1,1,1,1,1,280, Creac'h Hily,M,4826101.0,-434877.0,290
201600001181,16,2,5,1730,1,1,1,1,6,191,Croas Lescuz,M,4854291.0,-374575.0,290
201600001182,16,6,18,1830,1,1,1,1,1,199,La Croix Rouge,M,4857861.0,-379565.0,290
201600001183,16,7,1,500,3,1,1,1,7,182,,M,4862756.0,-369489.0,290
201600001184,16,7,15,1900,1,1,1,1,3,182,Kerbuel,M,4863955.0,-367616.0,290
201600001185,16,2,11,815,1,1,1,4,3,204,Bel Air,M,4855543.0,-422098.0,290