Num_Acc,an,mois,jour,hrmn,lum,agg,int,atm,col,com,adr,gps,lat,long,dep
201600001186,16,3,2,730,2,1,1,2,6,97,Le Cosquer Vras,M,4849511.0,-407460.0,290
201600001187,16,4,8,1030,1,1,1,1,3,127,,M,4846917.0,-396959.0,290
201600001188,16,6,6,1915,1,1,1,1,3,262,Croix rouge,M,4845991.0,-398979.0,290
201600001189,16,7,8,645,2,1,1,1,7,265,zone de pen prat,M,4855279.0,-388798.0,290
201600001190,16,8,6,1930,1,1,1,1,2,38, Pentreff ,M,4840972.0,-398337.0,290
201600001191,16,8,25,715,2,1,1,5,3,204,,M,4855982.0,-423492.0,290
201600001192,16,12,6,1800,3,1,1,1,1,202,La Villeneuve,M,4847782.0,-387463.0,290
201600001193,16,2,27,1630,1,1,1,1,5,285,Kermaria,M,4862402.0,-412278.0,290
201600001194,16,4,18,745,1,1,2,1,3,271,Belle Vue,M,4856763.0,-415628.0,290
201600001195,16,5,2,1700,1,1,1,1,6,271, Luzury,M,4861336.0,-414846.0,290
201600001196,16,5,23,1930,1,1,1,1,1,276,Croaz Hent,M,4866010.0,-406366.0,290
201600001197,16,6,1,1500,1,1,1,1,6,276,Rte de Saint Pol,M,4866634.0,-406653.0,290
201600001198,16,6,8,815,1,1,1,1,3,259,Kergomprez,M,4867450.0,-400845.0,290
201600001199,16,6,20,1500,1,1,1,2,1,30,Peren,M,4863392.0,-411838.0,290
201600001200,16,8,13,1615,1,1,1,1,4,23,Le Frout,M,4863918.0,-387996.0,290
201600001201,16,9,15,745,2,1,1,3,1,271,Lann Ar Bourg,M,4859451.0,-416896.0,290
201600001202,16,10,22,545,5,2,1,1,6,213,rue de berven,M,4860051.0,-411107.0,290
201600001203,16,11,23,1815,3,1,1,3,6,259,Kerannou,M,4866888.0,-400555.0,290
201600001204,16,9,25,545,4,1,1,1,6,248,,M,0.0,0.0,560
201600001205,16,1,7,845,1,1,1,1,6,42,,M,0.0,0.0,560
201600001206,16,1,14,1915,1,1,1,1,1,158,,M,0.0,0.0,560
201600001207,16,1,15,1530,1,1,1,8,2,67,,M,0.0,0.0,560
201600001208,16,1,28,715,4,2,1,1,6,206,RUE PAUL VATINE,M,4769397.0,-274727.0,560
201600001209,16,3,29,845,1,1,1,1,1,120,,M,0.0,0.0,560
201600001210,16,5,10,1745,1,2,1,1,6,67,grand rue,M,0.0,0.0,560
201600001211,16,6,3,1845,1,1,1,1,1,157,,M,4777661.0,-267443.0,560
201600001212,16,6,5,715,1,2,1,1,6,164,10 Avenue Louis Cadoudal,M,4766276.0,-280357.0,560
201600001213,16,6,25,2100,2,1,2,1,1,158,,M,0.0,0.0,560
201600001214,16,7,8,45,3,1,1,1,6,120,,M,0.0,0.0,560
201600001215,16,7,31,700,1,1,1,1,6,157,,M,4778600.0,-272300.0,560
201600001216,16,8,15,1700,1,1,1,1,4,67,,M,0.0,0.0,560
201600001217,16,8,23,1500,1,1,1,1,3,8,,M,0.0,0.0,560
201600001218,16,9,15,1330,1,2,7,1,1,206,RUE PIERRE LE NOUAIL,M,4768792.0,-274271.0,560
201600001219,16,10,7,1545,1,1,1,1,3,8,,M,0.0,0.0,560
201600001220,16,10,15,1130,1,2,6,1,6,158,Giratoire de Kermaria,M,0.0,0.0,560
201600001221,16,10,27,915,1,1,1,1,1,164,,M,4767320.0,-287208.0,560
201600001222,16,12,18,1115,1,2,6,1,1,206,Giratoire de beauregard,M,4769016.0,-272813.0,560
201600001223,16,1,27,1730,1,1,1,3,3,64,,M,0.0,0.0,560
201600001224,16,2,20,2045,3,1,1,2,6,229,,M,0.0,0.0,560
201600001225,16,4,25,2215,3,1,1,1,6,61,,M,4776373.0,-214097.0,560
201600001226,16,5,1,230,3,2,1,1,6,194,RUE DU CHATEAU,M,4759843.0,-210340.0,560
201600001227,16,5,7,2245,3,1,1,2,6,221,,M,4767989.0,-216037.0,560
201600001228,16,7,25,115,3,2,1,1,6,194,1 rue du chateau,M,4759856.0,-210363.0,560
201600001229,16,8,4,930,1,1,1,7,1,61,,M,4775716.0,-215806.0,560
201600001230,16,8,14,1400,1,1,1,1,6,1,,M,4766676.0,-214690.0,560
201600001231,16,8,18,1045,1,1,1,1,3,232,,M,0.0,0.0,560
201600001232,16,8,18,1600,1,1,1,1,3,216,,M,4763421.0,-223695.0,560
201600001233,16,8,29,700,2,1,1,1,6,1,,M,4764882.0,-216868.0,560
201600001234,16,11,22,1700,1,1,1,7,1,171,,M,4769374.0,-239289.0,560
201600001235,16,12,19,1330,1,1,9,1,6,239,,M,4768594.0,-213886.0,560
201600001236,16,6,8,1915,1,1,1,1,1,149,,M,4760673.0,-249378.0,560
201600001237,16,7,22,1945,2,1,1,9,3,52,,M,4750860.0,-261360.0,560
201600001238,16,8,1,1745,1,1,2,1,5,126,,M,4757271.0,-240481.0,560
201600001239,16,9,7,1115,1,1,1,7,3,4,,M,4753894.0,-239819.0,560
201600001240,16,9,12,2315,3,1,1,1,6,2,,M,4755463.0,-253489.0,560
201600001241,16,9,27,730,2,1,1,2,6,2,,M,0.0,0.0,560
201600001242,16,11,8,2015,3,1,2,2,3,30,,M,4747978.0,-240958.0,560
201600001243,16,1,11,845,3,2,1,3,6,53,Place de l'Eglise,M,4773261.0,-259015.0,560
201600001244,16,5,8,1,3,1,1,2,1,53,,M,4775731.0,-258440.0,560
201600001245,16,5,8,115,3,1,1,1,7,261,,M,0.0,0.0,560
201600001246,16,6,9,1100,1,1,3,1,3,137,,M,0.0,0.0,560
201600001247,16,7,31,1730,1,1,1,1,3,261,,M,0.0,0.0,560
201600001248,16,8,12,130,3,1,1,1,7,184,,M,4763808.0,-242364.0,560
201600001249,16,8,27,1745,1,1,1,1,3,28,,M,4766180.0,-232347.0,560
201600001250,16,8,31,1815,1,2,1,1,1,218,8 place de l'église,M,4772544.0,-228041.0,560
201600001251,16,9,22,1500,1,1,1,1,7,231,,M,0.0,0.0,560
201600001252,16,11,30,830,2,1,6,1,4,261,,M,0.0,0.0,560
201600001253,16,1,10,400,3,1,9,2,6,176,,M,0.0,0.0,560
201600001254,16,1,12,1830,1,2,1,8,6,7,18 RUE ABBE  LEGALL,M,4767101.0,-299270.0,560
201600001255,16,2,3,1715,1,2,1,1,6,7,Place du Golhères,M,4766584.0,-298821.0,560
201600001256,16,2,29,1615,1,2,1,1,2,46,lieu dit Bodizac,M,4763841.0,-298876.0,560
201600001257,16,3,22,2045,3,2,1,1,7,7,D765,M,0.0,0.0,560
201600001258,16,3,18,1745,1,2,1,1,6,262,47 RUE PASTEUR,M,4763930.0,-294775.0,560
201600001259,16,5,15,1930,1,1,1,1,3,167,,M,4764572.0,-292324.0,560
201600001260,16,5,28,1930,1,1,1,1,1,23,,M,4767969.0,-303239.0,560
201600001261,16,5,26,1745,1,1,1,1,2,23,,M,4769199.0,-303016.0,560
201600001262,16,6,7,2000,1,1,6,1,7,23,,M,4768318.0,-301803.0,560
201600001263,16,8,21,1600,1,2,1,1,5,7,place de keriolet,M,4766828.0,-298203.0,560
201600001264,16,10,4,1700,1,2,1,1,1,176,Rue de la Gare,M,4767593.0,-295818.0,560
201600001265,16,10,14,745,2,2,6,1,2,7,,M,4767074.0,-298134.0,560
201600001266,16,12,2,800,2,1,1,9,7,263,,M,4770985.0,-297155.0,560
201600001267,16,12,10,1430,1,1,1,8,1,176,,M,4768274.0,-293612.0,560
201600001268,16,1,23,915,1,1,1,8,1,241,,M,4736301.0,-322768.0,560
201600001269,16,5,29,730,2,1,1,1,6,241,,M,4735561.0,-322614.0,560
201600001270,16,7,5,1830,1,2,1,1,6,152,rue de la citadelle,M,4734746.0,-315718.0,560
201600001271,16,7,29,1815,1,2,1,1,3,152,quai de la saline,M,4734538.0,-316472.0,560
201600001272,16,9,6,2045,2,1,1,1,6,152,,M,4733176.0,-318716.0,560
201600001273,16,4,1,1600,1,1,2,1,2,69,Kerbus,M,4763561.0,-346911.0,560
201600001274,16,10,17,1615,1,1,1,8,7,69,,M,4762622.0,-344641.0,560
201600001275,16,3,20,1830,1,1,1,1,1,67,,M,4774365.0,-287420.0,560
201600001276,16,9,24,715,5,1,1,1,6,36,,M,0.0,0.0,560
201600001277,16,3,23,1730,1,2,6,7,3,118,Rond-point de Pen Borh,M,0.0,0.0,560
201600001278,16,6,17,1930,1,2,1,1,3,13,5 rue des 4 chemins,M,0.0,0.0,560
201600001279,16,6,26,215,3,1,1,1,7,13,,M,0.0,0.0,560
201600001280,16,8,15,1100,1,1,1,7,6,54,,M,4763070.0,-311672.0,560
201600001281,16,11,26,1815,5,1,1,1,3,193,,M,4771750.0,-329101.0,560
201600001282,16,1,9,1300,1,1,1,3,7,122,,M,0.0,0.0,560
201600001283,16,1,22,1615,1,2,1,1,6,165,de lattre de Tassigny,M,4792677.0,-240035.0,560
201600001284,16,2,8,1745,1,2,1,8,7,165,PLACE TSERETELLI,M,4793450.0,-240722.0,560
201600001285,16,2,19,1945,3,1,1,1,1,127,,M,4811827.0,-228990.0,560
201600001286,16,4,20,1515,1,1,1,1,1,139,,M,0.0,0.0,560
201600001287,16,5,28,1515,1,1,1,1,7,129,La Ville Cade,M,0.0,0.0,560
201600001288,16,6,30,930,1,1,9,1,6,165,,M,4791960.0,-236289.0,560
201600001289,16,7,13,1930,1,1,1,1,6,249,,M,4793560.0,-242222.0,560
201600001290,16,7,29,1100,1,2,9,1,6,165,rue josselin de rohan,M,4793004.0,-239865.0,560
201600001291,16,8,19,2200,3,1,1,1,6,257,,M,0.0,0.0,560
201600001292,16,9,20,1530,1,1,1,1,1,80,,M,4804794.0,-239490.0,560
201600001293,16,10,4,1300,1,1,1,1,7,165,,M,0.0,0.0,560
201600001294,16,10,22,1130,1,1,1,1,6,249,,M,4793765.0,-245366.0,560
201600001295,16,11,26,130,3,1,1,1,6,249,,M,4796494.0,-245909.0,560
201600001296,16,1,1,1845,3,1,1,2,7,75,,M,0.0,0.0,560
201600001297,16,1,16,1100,1,1,1,1,7,6,,M,0.0,0.0,560
201600001298,16,1,26,615,3,1,1,2,6,136,,M,4787055.0,-221456.0,560
201600001299,16,2,16,1330,1,1,1,1,7,136,,M,0.0,0.0,560
201600001300,16,6,2,1645,1,1,1,1,3,20,,M,4777987.0,-246044.0,560
201600001301,16,7,28,1000,1,1,1,1,6,226,,M,0.0,0.0,560
201600001302,16,8,26,1615,1,1,1,1,1,180,,M,0.0,0.0,560
201600001303,16,9,18,1045,1,1,1,1,6,191,,M,4785455.0,-224501.0,560
201600001304,16,10,13,1330,1,2,3,1,3,75,Place de la libération,M,4790426.0,-211839.0,560
201600001305,16,11,17,830,3,1,2,1,3,12,,M,4796931.0,-218146.0,560
201600001306,16,11,19,1415,1,1,1,1,6,20,,M,4778457.0,-245628.0,560
201600001307,16,12,16,1100,1,1,3,7,3,44,,M,4774204.0,-211575.0,560
201600001308,16,5,4,1700,1,1,6,1,1,222,,M,4784682.0,-272203.0,560
201600001309,16,5,15,1100,1,2,1,1,6,222,RUE DES GENETS,M,4784414.0,-272453.0,560
201600001310,16,6,6,1700,1,1,2,3,3,172,,M,0.0,0.0,560
201600001311,16,6,25,1115,1,1,1,1,1,236,,M,4789470.0,-250441.0,560
201600001312,16,6,28,1445,1,1,1,1,6,47,,M,0.0,0.0,560
201600001313,16,7,12,1845,1,2,1,1,3,91,,M,0.0,0.0,560
201600001314,16,7,24,1,3,1,1,1,2,102,,M,4798802.0,-259013.0,560
201600001315,16,8,7,1630,1,2,1,1,6,91,79 rue glatinier,M,4795270.0,-255335.0,560
201600001316,16,9,4,1445,2,1,1,1,6,172,,M,4781541.0,-265180.0,560
201600001317,16,11,6,1530,1,1,1,3,7,59,,M,4803855.0,-264536.0,560
201600001318,16,11,4,1945,3,1,1,2,7,82,,M,4797530.0,-246405.0,560
201600001319,16,4,2,930,1,1,1,1,3,113,,M,0.0,0.0,560
201600001320,16,4,9,1030,1,1,2,1,3,237,,M,4802303.0,-293189.0,560
201600001321,16,6,19,1545,1,1,1,1,6,163,,M,4807660.0,-333164.0,560
201600001322,16,6,29,15,4,1,1,1,6,237,,M,4802701.0,-292027.0,560
201600001323,16,8,25,1600,1,1,1,1,2,151,,M,0.0,0.0,560
201600001324,16,8,26,1845,1,1,1,1,5,110,,M,0.0,0.0,560
201600001325,16,9,3,1630,1,1,1,1,2,237,,M,0.0,0.0,560
201600001326,16,11,5,1745,1,2,1,1,3,41,Rue Théodore Huet,M,4812236.0,-306614.0,560
201600001327,16,11,22,1815,3,1,1,1,6,125,,M,4807241.0,-302350.0,560
201600001328,16,11,24,2200,3,1,1,2,6,264,,M,4800831.0,-331769.0,560
201600001329,16,1,16,1000,1,1,1,1,1,141,,M,0.0,0.0,560
201600001330,16,3,19,1700,1,1,1,1,6,144,,M,4800079.0,-286740.0,560
201600001331,16,5,4,1315,1,1,1,1,7,74,,M,0.0,0.0,560
201600001332,16,6,25,1530,1,1,1,1,6,140,,M,0.0,0.0,560
201600001333,16,7,16,1000,1,1,1,1,3,174,,M,0.0,0.0,560
201600001334,16,8,21,45,3,1,1,1,6,192,,M,4793726.0,-288755.0,560
201600001335,16,10,4,1045,1,1,1,1,1,10,,M,4787745.0,-303041.0,560
201600001336,16,10,20,2145,3,1,1,1,6,10,,M,4806373.0,-294302.0,560
201600001337,16,11,8,1015,1,1,1,1,3,142,,M,4789616.0,-289701.0,560
201600001338,16,12,5,815,2,1,1,1,3,141,,M,4786490.0,-285135.0,560
201600001339,16,12,9,1900,3,1,1,5,7,140,,M,4795737.0,-278025.0,560
201600001340,16,1,16,2250,3,1,1,1,1,201,,M,0.0,0.0,560
201600001341,16,5,14,2015,1,2,1,1,5,201,rue de l'école,M,4809034.0,-356177.0,560
201600001342,16,9,26,1530,1,2,1,1,1,66,73 rue de pont ar len,M,4813317.0,-359533.0,560
201600001343,16,1,5,800,3,1,1,1,2,76,,M,4922570.0,-29993.0,140
201600001344,16,10,19,2000,3,1,1,1,5,310,,,,,140
201600001345,16,11,17,2215,3,1,1,1,5,160,,,,,140
201600001346,16,11,18,1400,1,1,1,4,5,145,,M,4904710.0,-28248.0,140
201600001347,16,12,19,1015,1,1,1,1,6,310,,M,0.0,0.0,140
201600001348,16,3,12,1215,1,1,1,1,6,76,,M,4923220.0,-29104.0,140
201600001349,16,1,8,2130,4,2,1,3,3,365,RD514,M,4931320.0,-34028.0,140
201600001350,16,1,13,1200,1,2,1,1,6,384,,M,4930760.0,-35902.0,140
201600001351,16,1,17,400,3,2,1,1,6,66,CD514,M,4933170.0,-43106.0,140
201600001352,16,7,28,1735,1,2,3,1,1,384,RUE DE L'EGLISE,M,4930970.0,-35658.0,140
201600001353,16,9,13,530,3,1,6,1,7,228,,M,4928000.0,-37800.0,140
201600001354,16,10,2,950,1,2,2,1,3,66,RUE DU GÉNÉRAL DE GAULLE,M,4933190.0,-40584.0,140
201600001355,16,11,5,1100,1,2,6,1,6,562,AVENUE DU GÉNÉRAL KOENIG,M,4932780.0,-39646.0,140
201600001356,16,11,13,1245,1,1,1,1,1,758,,,,,140
201600001357,16,11,22,730,3,1,1,1,7,170,LES BLANCROTTES,M,4925870.0,-40686.0,140
201600001358,16,1,4,1930,3,1,1,1,1,254,,M,4914150.0,-41933.0,140
201600001359,16,1,10,700,2,1,1,1,6,42,LE BON REPOS RD8,M,4911830.0,-47744.0,140
201600001360,16,2,5,2330,3,2,1,1,6,543,ROUTE DE LA SABLONNIÈRE,M,4919710.0,-47244.0,140
201600001361,16,4,27,945,1,2,6,7,6,738,164 RUE GÉNÉRAL LECLERC,M,4915230.0,-46241.0,140
201600001362,16,8,11,1345,1,2,1,1,3,738,,M,4915640.0,-44770.0,140
201600001363,16,9,12,1030,1,1,3,1,1,592,,M,0.0,0.0,140
201600001364,16,12,9,530,3,1,1,1,7,257,,M,0.0,0.0,140
201600001365,16,3,31,1930,2,1,1,1,7,268,,M,4905010.0,-17040.0,140
201600001366,16,4,8,1415,1,1,1,1,2,546,,M,4900590.0,-18144.0,140
201600001367,16,4,29,845,1,2,1,3,6,20,RUE ST PATRICE,M,4912410.0,-16792.0,140
201600001368,16,5,10,1745,1,2,3,1,3,92,RD89/RD225A(LA HOGUE),M,4911680.0,-27210.0,140
201600001369,16,6,9,1230,1,1,4,1,1,603,,M,4902860.0,-36749.0,140
201600001370,16,6,24,2145,1,2,1,1,1,149,RUE ANDRÉ LEMAITRE,M,4908840.0,-11782.0,140
201600001371,16,8,4,1945,1,1,3,1,2,456,,M,4910290.0,-16355.0,140
201600001372,16,9,13,1645,1,2,1,1,3,20,Rue du Maréchal Joffre,M,0.0,0.0,140
201600001373,16,10,11,1800,1,1,1,1,3,57,,,,,140
201600001374,16,10,30,1530,1,2,1,1,7,456,RUE RAMBRANT BUGATTI,M,4911860.0,-18776.0,140
201600001375,16,11,6,200,4,2,1,1,6,97,RUE DES TEMPLIERS,M,4902330.0,-26140.0,140
201600001376,16,12,10,1200,1,1,1,1,7,74,,M,4909600.0,-21200.0,140
201600001377,16,4,6,1245,1,1,2,2,3,68,,M,4924600.0,-35419.0,140
201600001378,16,4,16,530,5,1,1,1,2,76,,M,4922870.0,-29429.0,140
201600001379,16,6,22,1045,1,2,1,1,6,166,,M,4929080.0,-28139.0,140
201600001380,16,8,19,1400,1,2,3,1,3,325,,M,4928430.0,-31449.0,140
201600001381,16,9,25,1330,1,1,1,1,6,488,,M,0.0,0.0,140
201600001382,16,11,15,1715,2,2,1,2,3,68,RUE D'OUTREVAL,M,4923510.0,-32845.0,140
201600001383,16,2,6,1830,3,1,1,6,6,353,,M,4908370.0,-55066.0,140
201600001384,16,4,30,1045,1,2,3,1,3,143,RTE DE ST LO,M,4908910.0,-81716.0,140
201600001385,16,6,5,1545,1,1,1,1,1,734,,M,4915020.0,-61996.0,140
201600001386,16,6,30,1745,1,1,1,1,1,143,,,,,140
201600001387,16,7,5,800,1,1,1,2,1,353,LE PONT DE LANDES (LIEUD,M,4907680.0,-55732.0,140
201600001388,16,7,19,1630,1,1,1,1,1,373,LE DOUET BANNEVILLE,M,4909780.0,-56786.0,140
201600001389,16,8,23,1545,1,2,1,1,1,232,D82,M,4922370.0,-61361.0,140
201600001390,16,8,28,2030,1,2,1,1,6,336,ROUTE DE CAUMONT,M,4915220.0,-65173.0,140
201600001391,16,9,8,1730,1,1,1,1,3,702,,M,4911200.0,-59300.0,140
201600001392,16,10,8,1645,1,1,1,1,7,120,LIEU-DIT MONDANT,M,4907750.0,-78694.0,140
201600001393,16,1,1,920,1,1,1,1,6,712,,M,4919040.0,-19650.0,140
201600001394,16,1,5,1945,3,1,1,1,6,9,,M,4925580.0,-24039.0,140
201600001395,16,2,6,2130,3,1,1,2,1,712,,M,4918870.0,-17832.0,140
201600001396,16,5,25,2200,3,2,1,1,7,530,RUE MOTTEN,M,4923590.0,-25677.0,140
201600001397,16,7,16,1815,1,1,2,1,3,530,,M,4923620.0,-23810.0,140
201600001398,16,10,20,1942,3,2,1,1,7,666,,M,4918290.0,-22347.0,140
201600001399,16,10,29,1045,1,1,1,1,3,9,10 RUE DE CABOURG,M,4924750.0,-24799.0,140
201600001400,16,12,17,1930,3,1,1,5,1,9,,M,0.0,0.0,140
201600001401,16,1,7,1030,1,1,1,6,1,732,,M,4930890.0,-70075.0,140
201600001402,16,5,3,1730,1,2,1,7,6,47,RUE DE LA CROIX TOY,,,,140
201600001403,16,4,28,2140,5,2,6,1,2,47,,M,4927300.0,-68924.0,140
201600001404,16,6,9,2015,1,1,1,1,1,346,,M,4919110.0,-68942.0,140
201600001405,16,6,27,1445,1,2,1,1,2,47,RUE DU DR MICHEL,,,,140
201600001406,16,7,4,1830,1,1,1,1,6,728,,M,4928420.0,-72724.0,140
201600001407,16,9,4,1545,1,1,1,1,2,529,,M,4926900.0,-75800.0,140
201600001408,16,12,31,645,3,1,1,9,7,480,,M,4933600.0,-107200.0,140
201600001409,16,1,10,1,3,1,1,2,6,614,,M,4923060.0,-96996.0,140
201600001410,16,1,21,800,2,1,2,1,3,700,,M,4930210.0,-80051.0,140
201600001411,16,1,13,1400,1,2,1,1,6,370,RUE DE BAYEUX,M,4924290.0,-87187.0,140
201600001412,16,3,18,1845,2,2,9,1,7,370,,M,4922680.0,-87633.0,140
201600001413,16,4,16,1930,1,1,1,7,6,622,,M,4923000.0,-95793.0,140
201600001414,16,5,24,900,1,2,1,1,3,50,LE BOURG,M,4916240.0,-86814.0,140
201600001415,16,5,24,2145,1,1,2,1,3,272,LE NID À OIES (CARREFOUR,M,4926910.0,-96981.0,140
201600001416,16,6,9,1700,1,2,1,1,3,369,L'ÉGLISE,,,,140
201600001417,16,8,4,1215,1,2,7,1,6,370,PLACE DES PETITS COCHONS,,,,140
201600001418,16,8,12,1630,1,2,2,1,6,312,RUE HAUTE VOIE,M,4938640.0,-104801.0,140
201600001419,16,8,25,1000,1,1,1,1,6,342,,,,,140
201600001420,16,9,1,945,1,1,2,1,3,714,,M,4923000.0,-81600.0,140
201600001421,16,10,1,2045,3,1,1,2,5,643,LE MONT TIRLY,M,4921720.0,-75832.0,140
201600001422,16,10,19,1630,1,2,1,1,6,342,RUE DE LITTRY,M,4931540.0,-110107.0,140
201600001423,16,11,4,730,5,2,1,1,6,370,RD 15,M,4924260.0,-87309.0,140
201600001424,16,12,6,1700,1,1,1,1,1,716,,M,4919400.0,-72100.0,140
201600001425,16,12,9,2045,3,1,1,1,6,312,,M,0.0,0.0,140
201600001426,16,12,6,930,2,1,1,1,6,705,,M,0.0,0.0,140
201600001427,16,12,11,1745,3,1,1,5,7,370,,M,4926500.0,-91500.0,140
201600001428,16,2,3,1415,1,1,1,1,7,720,,M,4895190.0,-27046.0,140
201600001429,16,9,1,1000,1,1,1,1,3,737,,M,0.0,0.0,140
201600001430,16,9,21,1515,1,2,1,1,1,258,L ATTACHE,M,0.0,0.0,140
201600001431,16,9,23,645,2,1,1,5,6,258,,M,0.0,0.0,140
201600001432,16,11,9,1815,5,2,1,2,6,258,RUE DU CHAMPS ST GEORGES,M,4888990.0,-19079.0,140
201600001433,16,11,14,2130,5,2,6,2,7,258,ROND POINT DE L'ATTACHE,M,4890680.0,-20616.0,140
201600001434,16,11,17,800,1,1,1,1,3,244,,M,4890160.0,-17307.0,140
201600001435,16,12,6,1900,5,2,1,1,6,258,Bd fontaine couverte,M,0.0,0.0,140
201600001436,16,12,31,400,3,1,1,9,6,244,,M,0.0,0.0,140
201600001437,16,8,30,1415,1,1,1,1,6,251,,M,4896710.0,-43446.0,140
201600001438,16,1,13,1145,1,1,1,8,7,713,,M,4905580.0,-48870.0,140
201600001439,16,1,30,1730,2,2,1,2,1,656,,M,4893980.0,-50399.0,140
201600001440,16,2,6,200,5,2,1,1,6,764,,M,4887190.0,-41355.0,140
201600001441,16,11,6,1700,2,1,1,1,3,150,,,,,140
201600001442,16,11,7,815,1,1,1,8,6,531,,M,4885810.0,-35905.0,140
201600001443,16,11,11,845,1,2,1,1,1,207,LA MOISSONNIÈRE,M,4901370.0,-44509.0,140
201600001444,16,11,6,1,3,1,1,2,7,703,,,,,140
201600001445,16,4,4,715,2,1,1,1,1,764,,,,,140
201600001446,16,12,11,1300,1,1,1,8,6,251,,M,0.0,0.0,140
201600001447,16,6,10,1700,1,1,1,1,7,531,,M,4885820.0,-35900.0,140
201600001448,16,7,6,1800,1,2,1,1,7,656,RUE DE L'ORNE,,,,140
201600001449,16,2,22,1315,1,2,1,1,6,654,RUE DE FALAISE,M,4901680.0,-3475.0,140
201600001450,16,2,24,1930,3,1,1,1,6,648,LA BOSQUETTERIE,M,4913590.0,16164.0,140
201600001451,16,3,13,1045,1,1,2,1,1,425,,M,4908460.0,10847.0,140
201600001452,16,3,12,1700,1,1,1,1,7,337,,M,4912870.0,10662.0,140
201600001453,16,4,13,1830,1,1,4,7,1,749,LE MESNIL,M,4905640.0,-13339.0,140
201600001454,16,4,19,1645,1,1,1,1,7,648,,M,4913100.0,14816.0,140
201600001455,16,6,26,1900,1,1,3,1,3,331,,M,4902670.0,-2923.0,140
201600001456,16,7,22,1645,1,1,1,1,1,749,,M,4907250.0,-13336.0,140
201600001457,16,8,2,1815,1,1,2,1,3,362,,M,4907970.0,15479.0,140
201600001458,16,8,22,1700,1,2,2,1,3,431,RUE EUGENE LERITEAU,M,4907460.0,-7262.0,140
201600001459,16,9,8,1730,1,1,1,1,3,431,,M,0.0,0.0,140
201600001460,16,9,10,1600,1,1,1,1,6,422,,M,0.0,0.0,140
201600001461,16,10,21,1830,2,1,1,2,6,331,LA MARTELLERIE,M,4901930.0,-485.0,140
201600001462,16,11,15,1815,5,2,1,2,7,431,AVENUE JEAN JAURÈS,M,4907430.0,-6843.0,140
201600001463,16,10,16,515,3,1,1,6,6,735,,,,,140
201600001464,16,12,4,1700,3,1,1,1,6,425,,M,4909900.0,12100.0,140
201600001465,16,1,31,10,5,2,1,2,6,371,66 RUE MARCEL GAMBIER,M,4900490.0,14723.0,140
201600001466,16,2,9,945,1,1,1,3,6,326,,M,4917790.0,29736.0,140
201600001467,16,5,29,2015,1,1,1,1,6,460,,M,4920140.0,31987.0,140
201600001468,16,6,2,1000,1,1,1,8,1,429,,M,4899180.0,31778.0,140
201600001469,16,6,30,1230,1,1,2,8,3,504,,M,4920780.0,33928.0,140
201600001470,16,8,28,400,3,1,1,1,6,193,,M,4912060.0,33525.0,140
201600001471,16,9,4,530,3,1,1,9,7,270,,M,4914900.0,30400.0,140
201600001472,16,9,10,1700,1,1,1,1,3,460,,M,4919000.0,30100.0,140
201600001473,16,10,26,1330,1,1,1,1,2,582,,M,4906720.0,18595.0,140
201600001474,16,12,22,1830,3,1,1,1,2,504,,M,4921000.0,33300.0,140
201600001475,16,11,9,1300,1,1,2,8,3,431,LE BOIS MAUGER,M,4907970.0,15479.0,140
201600001476,16,1,13,345,3,1,1,6,6,86,D677,M,4932420.0,12467.0,140
201600001477,16,4,13,1000,1,1,1,1,1,269,,M,4924800.0,23500.0,140
201600001478,16,6,25,15,3,1,1,1,6,593,,M,4923750.0,15879.0,140
201600001479,16,7,17,130,5,2,2,1,3,514,RUE DE VAUCELLES,M,4928320.0,18049.0,140
201600001480,16,8,7,1915,1,1,1,1,5,578,,,,,140
201600001481,16,8,21,1000,1,2,1,1,6,77,ROUTE DU BREVEDENT,,,,140
201600001482,16,11,14,715,3,1,1,1,7,185,,M,4930540.0,18454.0,140
201600001483,16,11,15,1815,3,1,1,2,3,578,,M,4934330.0,20212.0,140
201600001484,16,4,15,1130,1,1,2,1,3,723,,M,4923510.0,9681.0,140
201600001485,16,5,16,900,1,1,1,1,5,227,,M,4927420.0,-1896.0,140
201600001486,16,6,3,1515,1,1,3,1,1,541,,M,4917090.0,7810.0,140
201600001487,16,8,16,830,1,1,3,7,1,203,,M,4923080.0,-8695.0,140
201600001488,16,9,26,2115,3,1,1,1,6,541,,M,0.0,0.0,140
201600001489,16,10,19,2000,3,1,1,2,6,398,,M,4919500.0,18763.0,140
201600001490,16,10,29,1515,1,1,3,1,3,494,,M,4927170.0,-10376.0,140
201600001491,16,11,30,1450,1,1,1,7,3,524,,M,4922490.0,-6608.0,140
201600001492,16,1,17,1120,1,2,3,1,2,584,8 ROUTE DE SOURDEVAL,M,4880130.0,-89298.0,140
201600001493,16,2,3,1800,2,1,1,1,6,671,,M,4885410.0,-103824.0,140
201600001494,16,2,14,530,3,2,1,2,6,187,RUE DE LA MAIRIE,M,4887260.0,-91406.0,140
201600001495,16,3,22,2230,3,1,1,1,1,513,,M,4896120.0,-104665.0,140