Num_Acc,an,mois,jour,hrmn,lum,agg,int,atm,col,com,adr,gps,lat,long,dep
201600001496,16,5,18,1400,1,2,1,3,6,762,4 RUE EMILE DESVAUX,M,4883730.0,-88530.0,140
201600001497,16,7,10,830,1,2,1,1,2,762,4 RUE EMILE CHENEL,,,,140
201600001498,16,8,9,1530,1,1,1,1,1,187,,,,,140
201600001499,16,8,20,1000,1,2,1,1,6,762,RUE DU GÉNÉRAL LECLERC,,,,140
201600001500,16,9,16,1415,1,1,1,1,3,417,,M,0.0,0.0,140
201600001501,16,11,10,700,2,1,1,2,1,584,,,,,140
201600001502,16,11,9,1445,1,1,1,2,1,417,LA RENAUDIÈRE,M,4885210.0,-97192.0,140
201600001503,16,12,10,400,4,1,1,1,6,545,,M,,,140
201600001504,16,12,14,1315,1,1,3,1,3,417,,M,4600000.0,-1600.0,140
201600001505,16,12,31,1415,1,1,1,9,6,579,,M,0.0,0.0,140
201600001506,16,1,11,1045,1,1,1,2,6,508,,M,4896660.0,-61370.0,140
201600001507,16,3,12,1445,1,1,1,1,7,443,LA PAILLOLE,M,4896810.0,-70563.0,140
201600001508,16,5,25,1115,1,1,1,1,6,412,LA FÊTERIE (LIEU-DIT),M,4905040.0,-59458.0,140
201600001509,16,7,15,730,2,2,2,5,3,52,LE BOURG,M,4891390.0,-82480.0,140
201600001510,16,9,3,1145,1,2,1,1,6,412,le hamelet,M,0.0,0.0,140
201600001511,16,10,20,1645,1,1,1,2,7,27,LIEU-DIT LE MOULIN,M,4902780.0,-63329.0,140
201600001512,16,4,11,1545,1,2,1,2,6,174,RUE DE LA PETITE VITESSE,M,4884050.0,-55573.0,140
201600001513,16,4,30,1430,1,2,1,1,3,174,RUE JULES GERMAIN,M,4884820.0,-54949.0,140
201600001514,16,5,28,1230,1,1,1,1,7,572,,M,4887300.0,-48761.0,140
201600001515,16,9,3,1745,1,1,1,1,3,585,,M,0.0,0.0,140
201600001516,16,9,4,1545,1,1,1,1,6,756,,M,0.0,0.0,140
201600001517,16,9,23,1315,1,2,1,1,3,174,4 rue vaubaillon,M,0.0,0.0,140
201600001518,16,11,11,2045,5,2,1,1,3,253,D55,M,4889880.0,-73772.0,140
201600001519,16,11,18,1130,1,1,1,6,2,442,,,,,140
201600001520,16,11,23,1215,1,2,3,1,5,174,RUE SAINT JACQUES,M,4885330.0,-54572.0,140
201600001521,16,6,1,1845,1,1,1,2,5,538,,M,4912290.0,-102077.0,500
201600001522,16,1,7,1600,1,2,1,1,7,485,RUE DE LA 101È AIRBORNE,M,4930380.0,-124903.0,500
201600001523,16,1,28,730,3,1,2,1,3,107,BANVILLE,M,4930800.0,-118008.0,500
201600001524,16,8,18,1745,1,1,3,7,2,564,,M,4920990.0,-136117.0,500
201600001525,16,12,28,1145,1,2,1,7,6,99,BOULEVARD DU COTENTIN,M,4930160.0,-125727.0,500
201600001526,16,1,10,1830,5,1,2,1,3,431,LA BARRE,M,4917440.0,-125833.0,500
201600001527,16,1,13,1815,3,1,1,1,5,352,VILLAGE POTIER,M,4914190.0,-123459.0,500
201600001528,16,1,22,1530,1,1,2,2,5,106,LE ROCHER,M,4918400.0,-114558.0,500
201600001529,16,4,1,745,1,2,1,1,1,409,RUE DE LA LIBERATION,M,4916570.0,-113160.0,500
201600001530,16,4,7,830,1,1,1,4,3,46,LA CROIX ROUGE,M,4913750.0,-96591.0,500
201600001531,16,7,5,1345,1,1,3,1,2,239,LE CLOS DES RONCES,M,4910350.0,-115233.0,500
201600001532,16,10,9,1830,1,1,1,1,1,491,LE MESNIL,M,4919680.0,-100564.0,500
201600001533,16,10,19,1715,1,1,1,1,1,161,LA VALLEE,M,4923140.0,-112952.0,500
201600001534,16,11,18,2155,3,1,1,4,7,239,LES TEURSES,M,4911940.0,-115589.0,500
201600001535,16,12,8,2030,3,1,1,1,6,356,VILLAGE FORS,M,4918030.0,-109976.0,500
201600001536,16,12,18,1800,3,1,3,5,3,356,LA PROVENCE,M,4920920.0,-103008.0,500
201600001537,16,3,13,1930,2,1,1,1,7,363,LE BOSQ LAMBERT,M,4900900.0,-115103.0,500
201600001538,16,6,5,715,1,1,1,1,1,159,LE CALENGE,M,4903870.0,-123031.0,500
201600001539,16,6,12,1145,1,1,1,8,7,393,LE PASSELAIS,M,4894850.0,-117125.0,500
201600001540,16,9,15,945,1,1,1,2,7,214,L'ANTILLERE,M,4892710.0,-111547.0,500
201600001541,16,10,18,1730,1,1,1,1,5,95,FERME SAINT GILLES,M,4908690.0,-117944.0,500
201600001542,16,1,12,855,1,1,1,2,6,54,AV DE L'UNION,M,4872980.0,237109.0,940
201600001543,16,8,7,1130,1,1,1,1,6,224,LE COLOMBIER,M,4900100.0,-90980.0,500
201600001544,16,9,9,1930,1,1,1,1,3,224,LE SAUSSEY,M,4898420.0,-95460.0,500
201600001545,16,10,19,730,2,1,1,1,7,441,CARREFOUR AUX BOEUFS,M,4909900.0,-92432.0,500
201600001546,16,2,15,1230,1,1,1,1,6,54,AV DU SUD,M,4872950.0,237131.0,940
201600001547,16,3,6,1340,1,1,1,1,6,54,AV DE L'OUEST,M,4872880.0,235951.0,940
201600001548,16,11,3,2000,3,1,1,1,7,261,LE VILLAGE MOUFFET,M,4909710.0,-92448.0,500
201600001549,16,4,13,820,1,1,1,8,3,54,R MARCEL ALBERT,M,4874420.0,236503.0,940
201600001550,16,5,8,930,1,1,2,1,3,54,DEVAUX/AMSTERDAM,M,4873910.0,236966.0,940
201600001551,16,5,24,1430,1,1,1,1,2,54,AV DE PARIS A106,M,4873070.0,236910.0,940
201600001552,16,6,8,800,1,1,3,1,4,54,R DU FRET/R DE LA SOIE,M,4873460.0,237177.0,940
201600001553,16,6,9,1415,1,1,1,1,6,54,R D'AMSTERDAM,M,4873910.0,236756.0,940
201600001554,16,6,22,445,5,1,1,1,2,54,AV DU SUD,M,4872910.0,236708.0,940
201600001555,16,6,25,900,1,1,1,1,3,54,R DE LA SOIE,M,4873510.0,237414.0,940
201600001556,16,8,7,800,1,1,1,1,6,54,PARKING STATION AVIA,M,4873230.0,236574.0,940
201600001557,16,7,16,2130,4,1,6,1,2,54,AV L'UNION/AV L'UNION,M,4873010.0,236315.0,940
201600001558,16,7,22,1615,1,1,1,1,4,54,AV OUEST,M,4872940.0,236926.0,940
201600001559,16,9,5,1500,1,1,1,8,6,54,R D'AMSTERDAM,M,4873910.0,236722.0,940
201600001560,16,9,7,1120,1,1,1,1,2,54,R MADELEINE CHARMAUX,M,4873000.0,236765.0,940
201600001561,16,9,7,1300,1,1,1,1,2,54,AV DE L'AEROPORT,M,4874090.0,236289.0,940
201600001562,16,10,19,755,2,1,3,1,3,54,BLERIOT/BASTIE,M,4873950.0,236051.0,940
201600001563,16,11,9,1830,5,1,1,2,5,54,AV DE L'AEROPORT,M,4873840.0,236399.0,940
201600001564,16,11,22,1825,4,1,1,1,6,54,R DES TRANSPORTEURS,M,4872920.0,236007.0,940
201600001565,16,12,12,2000,5,1,4,2,4,54,L'UNION/L'OUEST,M,4872910.0,236691.0,940
201600001566,16,12,26,1800,5,1,1,8,6,54,R DE SEVILLE,M,4873010.0,237096.0,940
201600001567,16,12,28,915,1,1,1,1,4,54,R DU MUSÉE,M,4873030.0,236808.0,940
201600001568,16,3,4,1515,1,2,1,2,6,25,RUE DE LA CONSTITUTION,M,4868260.0,-135667.0,500
201600001569,16,3,12,1915,3,1,3,1,1,399,LA CROIX DE LA BOULOUZE,M,4868410.0,-121058.0,500
201600001570,16,5,8,1615,1,1,3,1,2,616,R DES MARES/BOIS GUERIN,M,4867450.0,-136240.0,500
201600001571,16,6,14,1645,1,2,1,7,6,516,RUE DIVISION LECLERC,M,4867910.0,-134360.0,500
201600001572,16,8,22,815,1,1,3,1,3,554,,M,4867890.0,-128445.0,500
201600001573,16,10,21,2215,3,1,3,1,6,554,RUE DE PALORETTE,M,4869510.0,-132750.0,500
201600001574,16,11,23,1730,3,1,1,2,5,554,,M,4866980.0,-127476.0,500
201600001575,16,12,2,815,2,1,1,5,3,554,RUE DE LA PALORETTE,M,4869460.0,-133087.0,500
201600001576,16,12,16,1845,3,1,3,1,3,516,LE BAS DE L'M,M,4866280.0,-135340.0,500
201600001577,16,12,15,1545,1,1,1,1,5,66,LA VILLE,M,4877280.0,-148506.0,500
201600001578,16,1,12,815,2,1,1,4,5,540,LE CHATEAU,M,4878430.0,-150169.0,500
201600001579,16,1,16,1145,1,2,1,7,2,102,RUE DES JAUNETS,M,4874810.0,-155485.0,500
201600001580,16,2,4,1030,1,2,1,8,6,565,GRANDE RUE,M,4875200.0,-145582.0,500
201600001581,16,3,27,2345,3,1,1,6,6,493,LA CHANNIERE,M,4883700.0,-151607.0,500
201600001582,16,5,6,2215,3,1,1,1,6,541,LES PERRIERES,M,4883690.0,-149940.0,500
201600001583,16,6,10,2015,1,1,1,8,1,565,LA COSNIERE,M,4876170.0,-146943.0,500
201600001584,16,7,6,1930,1,1,2,1,3,493,LES PERRIERES,M,4883690.0,-149850.0,500
201600001585,16,8,7,215,5,2,3,1,7,66,AV DU KAIRON/SAPINS,M,4877660.0,-156039.0,500
201600001586,16,8,14,915,2,1,1,7,3,167,,M,4874820.0,-151009.0,500
201600001587,16,9,17,1500,1,1,1,1,5,541,LA CHANNIERE,M,4883700.0,-151216.0,500
201600001588,16,9,28,1015,1,2,1,1,6,237,RUE DE LA LIBERATION,M,4879880.0,-139852.0,500
201600001589,16,10,17,800,2,2,1,5,7,167,LE BOURG,M,4874930.0,-148681.0,500
201600001590,16,11,14,1500,1,2,1,1,6,434,LA BLONDIÈRE,M,4876480.0,-143947.0,500
201600001591,16,12,29,1030,1,2,1,7,6,102,RUE DES JAUNETS,M,4874720.0,-155499.0,500
201600001592,16,2,16,2000,3,1,1,1,2,410,LE CASSOUET,M,4856950.0,-146601.0,500
201600001593,16,2,9,1515,1,2,2,1,6,168,GRD RUE/RUE BOISHE,M,4861900.0,-129462.0,500
201600001594,16,3,25,1700,1,1,1,1,5,410,,M,4856140.0,-150016.0,500
201600001595,16,7,23,1500,1,1,1,1,4,413,,M,4861220.0,-137208.0,500
201600001596,16,2,27,1900,5,2,1,1,3,639,RUE CARNOT,M,4883920.0,-122154.0,500
201600001597,16,3,4,2045,3,1,1,2,1,118,LA VALLERIE,M,4883580.0,-134471.0,500
201600001598,16,6,12,1200,1,1,2,2,1,453,LA PATTE D'OIE,M,4881710.0,-119663.0,500
201600001599,16,10,8,1215,1,2,1,1,6,542,ROUTE DU MONT ROBERT,M,4876410.0,-135832.0,500
201600001600,16,10,16,130,3,1,1,8,7,453,,M,4883170.0,-121233.0,500
201600001601,16,7,16,1015,1,1,1,1,1,623,,M,4965910.0,-183248.0,500
201600001602,16,7,3,2345,3,1,1,8,6,242,ROUTE DES 13 VENTS,M,4966160.0,-188145.0,500
201600001603,16,8,2,1715,1,1,1,3,1,41,MONT DES TREPIEDS,M,4966530.0,-181499.0,500
201600001604,16,9,18,1115,1,1,1,1,6,41,LE TOURP,M,4968890.0,-183822.0,500
201600001605,16,10,25,1200,1,1,1,1,3,187,,M,4963340.0,-170542.0,500
201600001606,16,10,30,1515,1,1,1,1,6,57,,M,4960850.0,-179130.0,500
201600001607,16,12,4,1700,1,1,1,1,1,41,LA LAITERIE GREVILLE,M,4967070.0,-182226.0,500
201600001608,16,2,4,715,3,2,1,6,6,503,ROUTE DE LA PLAGE,M,4933020.0,-171154.0,500
201600001609,16,5,6,1500,1,1,2,1,1,45,LA BELLE ETOILE,M,4951170.0,-177870.0,500
201600001610,16,5,13,1215,1,1,3,1,5,594,HAMEAU RIGLON,M,4957410.0,-177420.0,500
201600001611,16,5,15,1800,1,2,1,1,6,31,PROMENADE ABBE LEBOUTEIL,M,4937680.0,-178695.0,500
201600001612,16,7,16,2115,2,1,2,7,2,402,,M,4951250.0,-184359.0,500
201600001613,16,7,23,1630,1,1,1,1,3,332,LA SAUVAGERIE,M,4942700.0,-178879.0,500
201600001614,16,8,15,1445,1,1,2,1,1,299,LA GRANGE DES FOLIES,M,4936380.0,-170801.0,500
201600001615,16,8,28,1145,1,2,2,1,3,82,ROUTE DE CHERBOURG,M,4947000.0,-164118.0,500
201600001616,16,10,16,1500,1,1,1,1,2,82,,M,4947870.0,-162884.0,500
201600001617,16,11,5,1445,1,2,9,8,6,31,RUE DU PONT ROSE,M,4938440.0,-175267.0,500
201600001618,16,12,15,1330,1,1,1,1,2,580,LA CROIX GEORGES,M,4953170.0,-177799.0,500
201600001619,16,12,23,1,3,1,1,5,2,82,LA PLANCHE ES CADETS,M,4946510.0,-162479.0,500
201600001620,16,12,28,915,1,1,1,1,6,425,LE MARTINET,M,4951580.0,-168980.0,500
201600001621,16,5,26,1915,1,2,1,3,6,551,RUE BOTTIN DESYLLES,M,4938440.0,-153331.0,500
201600001622,16,9,7,2030,1,1,1,1,6,64,LES GOUPILLOTS,M,4940420.0,-144164.0,500
201600001623,16,12,12,1315,1,1,1,1,1,619,,M,4960060.0,-136992.0,500
201600001624,16,4,19,730,1,1,1,1,6,588,LE MONT VASLOT,M,4954220.0,-143036.0,500
201600001625,16,9,29,1630,1,1,1,1,7,498,CARREFOUR AU DIABLE,M,4952080.0,-152397.0,500
201600001626,16,9,30,1230,1,1,3,1,6,196,,M,4967060.0,-131715.0,500
201600001627,16,12,9,1915,3,1,1,1,5,270,,M,4950050.0,-149940.0,500
201600001628,16,12,12,1115,1,2,1,1,3,615,rue du dr leprieur,M,0.0,0.0,500
201600001629,16,1,4,830,2,1,1,1,5,92,LE RIDEL,M,4906840.0,-138159.0,500
201600001630,16,5,8,515,3,1,1,8,6,61,LA CLERQUERIE,M,4908410.0,-154305.0,500
201600001631,16,7,9,1800,1,2,2,1,3,58,RUE DU BORD DU MOULIN,M,4909300.0,-158234.0,500
201600001632,16,8,7,1300,1,2,3,1,6,3,RUE DES ROSES,M,4905100.0,-160061.0,500
201600001633,16,11,24,1145,1,1,1,1,6,378,,M,4901660.0,-128223.0,500
201600001634,16,3,6,1700,1,2,1,1,1,143,,M,4888130.0,-153032.0,500
201600001635,16,3,12,2200,3,1,1,1,6,228,LA BAUDRIERE,M,4895340.0,-122487.0,500
201600001636,16,5,4,1545,1,1,1,1,2,266,LA DUCHEMINERIE,M,4892240.0,-136559.0,500
201600001637,16,5,13,1145,1,1,1,1,1,85,LA BLANCHE MAISON,M,4892600.0,-152256.0,500
201600001638,16,7,10,715,1,1,1,1,6,463,LA VIBERDIE,M,4894300.0,-133232.0,500
201600001639,16,9,27,645,3,1,2,1,2,223,LES DOMAINES,M,4897370.0,-140793.0,500
201600001640,16,9,28,1245,1,1,2,1,1,140,LA FRANCE,M,4896500.0,-144227.0,500
201600001641,16,10,15,1500,1,1,1,2,6,76,LE VIEUX SAINT MARTIN,M,4889440.0,-154331.0,500
201600001642,16,11,1,1145,1,1,1,1,7,76,LA TERRE DE LA PLANCHE,M,4890860.0,-153357.0,500
201600001643,16,11,20,1300,1,1,1,1,6,221,LA VIBERDERIE,M,4894460.0,-133267.0,500
201600001644,16,12,19,1945,3,1,1,2,6,228,ROUTE DES CHAMPS,M,4895250.0,-126535.0,500
201600001645,16,1,21,215,4,2,1,1,6,236,RUE DE LA MER,M,4928340.0,-154228.0,500
201600001646,16,2,14,45,3,1,1,1,6,166,LA LANDE DU COMTE,M,4932710.0,-153497.0,500
201600001647,16,2,29,1645,1,2,6,1,3,151,RUE DES ECOLES,M,4920130.0,-156599.0,500
201600001648,16,8,21,1400,1,1,2,1,3,160,LA PELERINE,M,4932380.0,-163632.0,500
201600001649,16,9,11,1815,1,1,4,7,3,394,,M,4919630.0,-144550.0,500
201600001650,16,9,17,600,3,2,1,1,1,394,ROUTE DE COUTANCES,M,4917460.0,-141007.0,500
201600001651,16,9,23,1615,1,1,1,1,3,550,LE MANOIR,M,4912300.0,-141482.0,500
201600001652,16,10,1,900,1,2,1,1,4,236,,M,4928560.0,-154192.0,500
201600001653,16,12,23,1715,2,2,2,2,3,510,RUE DE FEUGERES,M,4916370.0,-134613.0,500
201600001654,16,1,3,530,5,2,1,3,6,582,RUE DE MORTAIN,M,4871920.0,-92289.0,500
201600001655,16,4,12,1615,1,1,1,1,1,474,ROUTE DE DOMFRONT,M,4860250.0,-76240.0,500
201600001656,16,6,20,1545,1,1,1,3,1,582,LE CHATEAU LABICHE,M,4873010.0,-91908.0,500
201600001657,16,7,14,500,4,1,1,1,2,582,LA MOINERIE,M,4870950.0,-92580.0,500
201600001658,16,8,15,2315,5,2,1,1,3,359,RUE DU CLOS NEUF,M,4865400.0,-93785.0,500
201600001659,16,1,6,1700,2,1,1,1,2,189,LES POIRIERS,M,4861200.0,-102703.0,500
201600001660,16,1,2,1445,1,2,1,8,7,53,"102, HERRIOT ( BOULEVARD",M,4621402.0,521732.0,10
201600001661,16,1,9,930,1,1,1,5,6,451,MARBOZ RD 996 ( ROUTE DE,M,4628569.0,523116.0,10
201600001662,16,1,13,1545,1,2,1,1,6,344,"452, TREVOUX (AVENUE DE)",M,4620100.0,520155.0,10
201600001663,16,1,15,1650,2,2,3,4,6,53,BONS ENFANTS ( RUE DES ),M,4620475.0,522783.0,10
201600001664,16,1,18,1335,1,1,7,1,3,53,"sans, STAND ( RUE DU )",M,4619516.0,522941.0,10
201600001665,16,1,20,1355,1,1,2,5,3,289,"SANS, POCHES (CHEMIN DES",M,4618044.0,519472.0,10
201600001666,16,1,21,1348,1,2,3,1,3,53,REVERMONT ( RUE DU),M,4620944.0,524391.0,10
201600001667,16,2,10,1630,1,1,1,1,5,451,PARIS (ROUTE DE),M,4623794.0,519544.0,10
201600001668,16,2,11,1510,1,2,6,8,1,53,"87, MERCIER (AVENUE AMED",M,4620150.0,524933.0,10
201600001669,16,2,20,1150,1,2,6,8,6,53,SAINT NICOLAS ( BD) PAIR,M,0.0,0.0,10
201600001670,16,3,1,2230,5,2,2,2,3,53,"SNR, MERCIER (AVENUE AME",M,4620358.0,524250.0,10
201600001671,16,3,2,1615,1,2,2,1,3,53,"SNR, VALERY ( BD PAUL )",M,4619536.0,522530.0,10
201600001672,16,3,19,1940,5,2,3,1,3,53,"snr, HERRIOT ( BOULEVARD",M,4621300.0,521833.0,10
201600001673,16,3,18,755,1,2,1,1,6,53,"56, STAND ( RUE DU )",M,4619611.0,522852.0,10
201600001674,16,3,22,1715,1,2,6,1,3,451,MARBOZ RD 996 ( ROUTE DE,M,4623929.0,522886.0,10
201600001675,16,3,24,1655,1,2,1,1,3,53,"46, MAIL (AVENUE DU )",M,4620222.0,521300.0,10
201600001676,16,4,10,900,1,1,3,1,5,451,MARBOZ RD 996 ( ROUTE DE,M,4624852.0,523022.0,10
201600001677,16,4,11,1215,1,1,1,1,2,451,"snr, STRASBOURG (ROUTE D",M,4624149.0,526699.0,10
201600001678,16,4,13,645,2,2,6,2,3,53,STAND ( RUE DU ),M,4619532.0,522953.0,10
201600001679,16,4,26,1835,1,2,1,2,6,289,"82, ERABLES (RUES DES)",M,4612360.0,520000.0,10
201600001680,16,4,28,1705,1,2,2,1,3,451,"snr, GREFFETS ( ROUTE DE",M,4624946.0,519125.0,10
201600001681,16,4,28,1745,1,2,2,1,1,53,Avenue Jean-Marie Verne,M,4619834.0,522581.0,10
201600001682,16,5,3,1730,1,1,4,1,3,289,"snr, CORBIE (CHEMIN DE)",M,4615960.0,522937.0,10
201600001683,16,5,3,2250,3,1,2,1,3,451,POLLIAT (ROUTE DE ) IMPA,M,4623573.0,518336.0,10
201600001684,16,5,6,1200,1,2,2,1,2,451,PARIS (ROUTE DE),M,4621966.0,521093.0,10
201600001685,16,5,11,1510,1,1,1,8,3,451,"snr, MARBOZ RD 996 (ROUT",M,4628598.0,523152.0,10
201600001686,16,5,17,1730,1,2,1,1,3,53,"18, MONTESQUIEU (RUE)",M,4618944.0,522718.0,10
201600001687,16,5,23,1330,1,2,3,2,3,53,"34, STAND ( RUE DU )",M,4619845.0,522902.0,10
201600001688,16,5,31,925,1,1,1,3,1,53,D117A,M,4620872.0,527236.0,10
201600001689,16,6,1,1225,1,2,1,1,6,53,"SN, BIBLIOTHEQUE ( RUE D",M,4620632.0,522689.0,10
201600001690,16,6,4,1100,1,1,1,2,1,53,"SN, MERCIER (AVENUE AMED",M,4619000.0,526000.0,10
201600001691,16,6,24,1625,1,2,3,1,3,53,"snr, PELOUX ( RUE DU )",M,4619983.0,521353.0,10
201600001692,16,6,28,810,1,2,1,1,6,53,"snr, LEVRIER (BD ANDRE)",M,4620963.0,523144.0,10
201600001693,16,7,1,1700,1,2,1,1,7,344,"47, BERLIOZ (ALLEE)",M,4619684.0,520079.0,10
201600001694,16,7,8,805,1,2,3,1,3,53,JASSERON (AVENUE DE - Nø,M,4621127.0,524709.0,10
201600001695,16,7,9,2050,1,1,1,1,3,289,LYON (AVE DE) JUSQ' N,M,4616162.0,518951.0,10
201600001696,16,7,21,900,1,2,1,1,3,53,"snr, PICASSO ( AVENUE PA",M,4620019.0,524855.0,10
201600001697,16,8,8,723,1,1,1,1,5,451,D117A,M,4622852.0,522747.0,10
201600001698,16,8,24,735,1,1,1,1,1,451,"snr, STRASBOURG (ROUTE D",M,4622894.0,525678.0,10
201600001699,16,8,24,1545,1,1,2,1,3,289,"snr, LENT ( ROUTE DE )",M,4616486.0,522072.0,10
201600001700,16,8,26,1730,1,1,3,1,3,344,BRESSE (AVENUE DE),M,4621316.0,520411.0,10
201600001701,16,9,12,1900,1,1,1,1,1,289,"snr, AMPERE (RUE)",M,4617175.0,519440.0,10
201600001702,16,9,13,1633,1,2,2,1,3,53,"snr, LEVRIER (BD ANDRE)",M,4620955.0,522752.0,10
201600001703,16,9,15,1735,1,2,1,1,4,289,"1591, LYON ( AVE DE) A P",M,4617931.0,520302.0,10
201600001704,16,9,16,1715,1,2,2,1,3,53,"snr, VALERY ( BD PAUL )",M,4619541.0,522533.0,10
201600001705,16,9,19,630,5,2,1,1,3,53,DE GAULLE ( BD GAL) PAIR,M,4619752.0,523936.0,10
201600001706,16,9,23,1759,1,2,1,1,3,53,"53, MAGINOT AVENUE ) DE",M,4621099.0,522749.0,10
201600001707,16,10,7,1400,1,1,1,1,6,451,PARIS (ROUTE DE),M,4622336.0,520933.0,10
201600001708,16,10,10,2035,5,1,2,1,3,344,DOMBES (AVENUE DE LA),M,4619072.0,519672.0,10
201600001709,16,10,14,1040,1,2,1,2,6,53,"snr, MERCIER (AVENUE AME",M,4620236.0,524633.0,10
201600001710,16,10,17,720,5,2,9,8,3,344,"596, TREVOUX (AVENUE DE)",M,4620084.0,519969.0,10
201600001711,16,10,22,2050,3,1,1,1,7,451,PARIS (ROUTE DE),M,4623617.0,519673.0,10
201600001712,16,10,29,2100,5,2,2,8,3,53,"21, JOLIOT CURIE ( BOULE",M,4620901.0,523404.0,10
201600001713,16,11,4,900,1,2,6,1,3,53,"snr, LOUHANS (ROND POINT",M,4622798.0,522898.0,10
201600001714,16,11,4,2330,3,1,1,2,6,289,ROCADE (LA) COTE OUEST,M,4617287.0,519210.0,10
201600001715,16,11,18,830,1,2,2,2,3,53,"snr, DE VIGNY (RUE ALFRE",M,4619814.0,522251.0,10
201600001716,16,11,18,935,2,1,1,2,5,344,"sans, BRESSE (AVENUE DE)",M,4620848.0,520318.0,10
201600001717,16,11,20,1035,1,2,1,1,3,53,"2, VALERY ( BD PAUL ) PA",M,4611429.0,513391.0,10
201600001718,16,11,21,1400,1,1,2,1,3,289,"sans, LENT ( ROUTE DE )",M,4616483.0,522066.0,10
201600001719,16,11,26,2128,5,2,3,1,3,53,"22, JAURES (AVENUE JEAN",M,4620019.0,521871.0,10
201600001720,16,11,30,908,1,2,2,1,3,53,MONTHOLON (RUE) IMPAIR,M,4619683.0,521043.0,10
201600001721,16,12,1,2255,5,2,1,1,6,53,HUGO ( BD VICTOR) PAIR,M,4620026.0,522657.0,10
201600001722,16,11,24,1105,1,2,2,1,6,53,LEVRIER ( BD ANDRE) IMPA,M,4620952.0,522775.0,10
201600001723,16,12,12,850,1,2,1,8,6,53,"5, MERCIER (AVENUE AMEDE",M,4620562.0,523612.0,10
201600001724,16,12,15,1240,1,2,1,1,1,53,"snr, SPORTS ((AVENUE DES",M,4620897.0,523752.0,10
201600001725,16,1,8,2330,4,2,1,1,6,141,le bourg,M,4846999.0,1650.0,610
201600001726,16,5,29,1230,1,1,3,2,2,182,,M,4846714.0,-9698.0,610
201600001727,16,10,13,800,1,1,1,1,6,172,,M,4853675.0,780.0,610
201600001728,16,11,24,1700,1,1,1,1,6,357,,M,4854775.0,-9050.0,610
201600001729,16,2,4,1545,1,1,1,2,1,215,,M,4852102.0,36406.0,610
201600001730,16,6,9,1215,1,1,1,1,1,98,,M,4858954.0,15872.0,610
201600001731,16,7,12,1000,1,2,6,1,6,464,route de mortagne,M,4860661.0,18583.0,610
201600001732,16,9,3,2130,3,1,6,1,6,284,,M,4859623.0,34480.0,610
201600001733,16,10,15,945,1,2,3,2,6,464,rue louis forton,M,4860579.0,18046.0,610
201600001734,16,11,15,1845,3,1,1,5,7,64,,M,4865550.0,31447.0,610
201600001735,16,1,9,2115,5,2,3,2,6,308,roufigny,M,4882128.0,-17156.0,610
201600001736,16,4,12,745,1,1,1,7,2,314,,M,4877312.0,-6127.0,610
201600001737,16,5,5,645,2,1,1,7,6,474,,M,4875588.0,6667.0,610
201600001738,16,7,8,1930,1,1,1,1,6,106,,M,4877279.0,-35876.0,610
201600001739,16,7,9,1800,1,1,2,1,3,9,,M,4879469.0,7687.0,610
201600001740,16,8,12,1430,1,1,2,1,3,210,,M,4869125.0,-11457.0,610
201600001741,16,8,17,1515,1,1,1,1,6,179,,M,4872365.0,-27096.0,610
201600001742,16,8,19,1030,1,1,1,1,6,9,,M,4880841.0,7692.0,610
201600001743,16,11,20,1945,3,1,1,3,6,473,,M,4870969.0,-14135.0,610
201600001744,16,12,17,2345,3,1,1,5,1,472,,M,4876496.0,-331.0,610
201600001745,16,2,11,800,1,1,1,1,1,310,,M,4869784.0,19275.0,610
201600001746,16,2,11,1215,1,1,1,1,1,188,,M,4868375.0,34487.0,610
201600001747,16,4,6,1400,1,1,1,2,3,393,,M,4872001.0,23063.0,610
201600001748,16,5,28,1700,1,1,1,1,6,19,,M,4880191.0,19462.0,610
201600001749,16,6,20,1700,1,1,1,2,6,315,,M,4880271.0,17263.0,610
201600001750,16,7,12,1300,1,1,1,1,6,347,,M,4878896.0,26451.0,610
201600001751,16,8,9,1915,1,1,1,1,1,389,,M,4871103.0,40278.0,610
201600001752,16,9,27,1615,1,1,1,1,1,138,,M,4872218.0,27520.0,610
201600001753,16,1,10,215,3,1,1,1,6,102,,M,4866737.0,-59366.0,610
201600001754,16,1,22,830,2,2,1,3,6,145,rue du maréchal foch,M,4859180.0,-64589.0,610
201600001755,16,2,26,400,3,1,1,1,7,387,,M,4848916.0,-69524.0,610
201600001756,16,3,20,715,2,1,1,1,6,149,,M,4872685.0,-49214.0,610
201600001757,16,4,12,1400,1,2,1,1,1,278,Rue de la Motte Ango,M,4871432.0,-59806.0,610
201600001758,16,5,8,1800,1,1,1,1,6,387,,M,4848961.0,-74926.0,610
201600001759,16,5,18,1530,1,2,1,1,6,145,34 Rue du Maréchal Foch,M,4859133.0,-64320.0,610
201600001760,16,6,12,1745,1,1,1,1,6,75,,M,4852554.0,-64494.0,610
201600001761,16,7,18,1700,1,1,1,1,1,91,,M,4858976.0,-54369.0,610
201600001762,16,9,4,1745,1,1,1,1,7,201,,M,4857859.0,-67619.0,610