Num_Acc,an,mois,jour,hrmn,lum,agg,int,atm,col,com,adr,gps,lat,long,dep
201600001763,16,1,9,1445,1,2,1,1,6,168,Boulevard Andrée Hamonic,M,4859829.0,-36093.0,610
201600001764,16,1,29,915,3,1,1,1,6,135,,M,4853068.0,-40640.0,610
201600001765,16,4,18,1930,1,1,1,1,6,512,,M,4870717.0,-27970.0,610
201600001766,16,1,17,1815,3,2,4,1,6,78,le Bourg,M,4879524.0,-62725.0,610
201600001767,16,1,29,1615,1,1,2,1,5,486,,M,4877186.0,-71046.0,610
201600001768,16,4,22,1430,1,1,2,2,3,376,,M,4869835.0,-61371.0,610
201600001769,16,6,5,200,3,1,1,5,7,486,,M,4877189.0,-71180.0,610
201600001770,16,7,6,1830,1,1,3,1,3,73,,M,4878848.0,-43128.0,610
201600001771,16,7,13,1030,1,1,2,1,3,94,,M,4870992.0,-60440.0,610
201600001772,16,7,17,1815,1,2,1,7,6,292,route de flers,M,4879641.0,-67447.0,610
201600001773,16,10,2,330,3,1,1,1,6,7,,M,4881196.0,-50123.0,610
201600001774,16,10,17,2115,3,1,1,1,6,407,,M,4883381.0,-52163.0,610
201600001775,16,10,23,1115,1,1,2,1,3,222,,M,4874574.0,-68400.0,610
201600001776,16,10,30,1045,1,1,2,1,3,376,,M,4869835.0,-61371.0,610
201600001777,16,11,8,800,2,1,1,1,7,93,,M,4873142.0,-66222.0,610
201600001778,16,11,17,1930,3,1,2,8,1,95,,M,4870667.0,-63729.0,610
201600001779,16,8,3,1445,1,2,1,1,6,145,,M,4859074.0,-64141.0,610
201600001780,16,10,18,1445,1,2,1,1,3,145,rue du maréchal foch,M,4858865.0,-63509.0,610
201600001781,16,11,12,345,3,1,1,1,6,201,,M,4860425.0,-63902.0,610
201600001782,16,12,1,2330,4,2,1,1,6,362,le bourg / rd18,M,4869434.0,-52270.0,610
201600001783,16,12,15,1815,3,2,1,5,6,163,le gué plat,M,4864330.0,-52248.0,610
201600001784,16,12,17,1930,5,2,1,1,6,145,Rue des Barbacannes,M,4859207.0,-64559.0,610
201600001785,16,2,5,1745,2,1,1,1,6,381,,M,4847145.0,54685.0,610
201600001786,16,5,11,1445,1,2,1,1,7,121,le bourg,M,4847501.0,46442.0,610
201600001787,16,7,7,1900,1,1,3,1,1,327,,M,4841240.0,43373.0,610
201600001788,16,11,5,1945,3,1,1,1,2,381,,M,4847176.0,54682.0,610
201600001789,16,11,18,1630,1,2,4,1,3,293,Bvd St Eloi,M,4852323.0,53972.0,610
201600001790,16,11,27,1545,1,1,2,1,1,118,,M,4847065.0,64547.0,610
201600001791,16,2,11,1300,1,1,1,1,2,79,,M,4824973.0,69527.0,610
201600001792,16,6,26,315,3,1,1,1,6,379,,M,4830160.0,63310.0,610
201600001793,16,6,28,1230,1,1,2,1,2,246,,M,4825294.0,69745.0,610
201600001794,16,8,25,800,1,2,9,1,3,394,Lieu-dit les huttières,M,4828706.0,59317.0,610
201600001795,16,8,28,830,1,1,1,1,6,112,,M,4841187.0,65357.0,610
201600001796,16,1,10,1100,1,1,1,1,7,140,,M,0.0,0.0,610
201600001797,16,2,5,2015,3,1,1,1,5,432,,M,4875741.0,69504.0,610
201600001798,16,4,17,2245,3,1,1,1,1,136,,M,4887223.0,57805.0,610
201600001799,16,5,14,2200,3,2,1,1,6,432,34 rue de la corne,M,4875683.0,69446.0,610
201600001800,16,6,22,745,1,1,1,1,3,244,,M,4865926.0,44548.0,610
201600001801,16,7,7,1615,1,2,1,1,7,191,Rue de la Pitière,M,4885120.0,60242.0,610
201600001802,16,9,19,2230,3,1,1,1,6,342,,M,4876634.0,58429.0,610
201600001803,16,3,13,2030,5,2,7,1,1,491,Place Juignet,M,4859045.0,65136.0,610
201600001804,16,5,3,1500,1,1,1,1,1,395,,M,4841226.0,78378.0,610
201600001805,16,5,16,1545,1,1,1,8,3,491,,M,4857153.0,63829.0,610
201600001806,16,5,20,1215,1,1,1,1,1,230,,M,4851959.0,74462.0,610
201600001807,16,9,13,840,1,2,1,1,6,116,,M,4838072.0,84920.0,610
201600001808,16,11,2,1215,1,1,1,1,6,116,,M,4837114.0,85804.0,610
201600001809,16,11,17,2145,3,1,1,2,6,230,,M,4851705.0,74113.0,610
201600001810,16,12,2,700,3,1,1,1,7,61,,M,4845160.0,93956.0,610
201600001811,16,12,11,2000,3,1,1,5,6,241,,M,4846705.0,88141.0,610
201600001812,16,4,19,1730,1,1,1,1,3,204,l'ebeaupin,M,4728660.0,-144532.0,440
201600001813,16,4,20,2030,2,2,1,2,6,172,rue du plessis maillard,M,4724990.0,-147232.0,440
201600001814,16,7,12,1245,1,2,1,1,1,172,RUE DENIS PAPIN,M,4726365.0,-148674.0,440
201600001815,16,10,26,1900,1,2,1,1,6,172,Rue René Coty,M,4724943.0,-148712.0,440
201600001816,16,7,12,730,1,1,1,1,3,26,,M,4729237.0,-142361.0,440
201600001817,16,9,4,2015,1,1,1,1,6,26,rue vega,M,4727823.0,-146777.0,440
201600001818,16,9,20,1615,1,1,1,1,1,26,le prouzeau,M,4729278.0,-143954.0,440
201600001819,16,11,15,2025,5,2,1,1,1,26,Les Rivières,M,4728721.0,-149859.0,440
201600001820,16,1,27,1430,1,1,1,1,5,64,les forges,M,4711037.0,-128003.0,440
201600001821,16,3,13,2100,3,1,1,2,2,102,claveleau,M,4706292.0,-143887.0,440
201600001822,16,5,22,900,1,2,1,2,1,64,route d'angrevier,M,4711496.0,-131405.0,440
201600001823,16,7,20,1515,1,1,1,1,1,14,,M,4707981.0,-152431.0,440
201600001824,16,7,23,1800,1,1,1,1,1,14,rte des sorinières,M,4710733.0,-151177.0,440
201600001825,16,9,3,715,2,1,1,5,1,14,,M,4709208.0,-153023.0,440
201600001826,16,2,1,2045,3,1,1,9,7,188,,M,4705100.0,-164200.0,440
201600001827,16,4,26,1330,1,1,1,1,5,41,Bois de l'ouche,M,0.0,0.0,440
201600001828,16,5,6,1615,1,1,1,1,1,156,le logis du coin,M,4695300.0,-159200.0,440
201600001829,16,5,13,1330,1,2,1,2,6,188,lieu dit La Compointerie,M,4703478.0,-166922.0,440
201600001830,16,4,27,1130,1,1,1,1,3,212,,M,4715661.0,-129857.0,440
201600001831,16,8,20,1000,1,2,1,1,6,212,place charles de gaulle,M,4716131.0,-126567.0,440
201600001832,16,2,15,1530,1,1,1,1,1,198,la bauche blineau,M,4713500.0,-151422.0,440
201600001833,16,2,27,1545,1,1,1,1,7,198,,M,4714050.0,-153181.0,440
201600001834,16,3,17,1715,1,2,1,1,6,215,101 route des sorinières,M,4716340.0,-149047.0,440
201600001835,16,3,25,1715,1,1,1,1,4,198,,M,4715860.0,-151327.0,440
201600001836,16,4,19,1715,1,2,6,1,1,215,rd pt du vignoble,M,4716550.0,-146050.0,440
201600001837,16,5,19,1800,1,1,1,1,3,198,le perou,M,4712475.0,-152827.0,440
201600001838,16,7,11,1700,1,1,1,1,2,215,la gombergere,M,4715904.0,-146626.0,440
201600001839,16,8,12,1245,1,1,1,1,3,198,le perou,M,4712475.0,-152827.0,440
201600001840,16,9,13,2145,3,1,1,3,6,198,,M,4714788.0,-151462.0,440
201600001841,16,12,10,1700,5,2,1,5,6,215,"Route de la Maladrie, Fa",M,4718486.0,-148842.0,440
201600001842,16,12,27,1750,5,2,4,1,6,215,110 Boulevard de l'Europ,M,4717251.0,-147109.0,440
201600001843,16,3,20,400,3,1,1,1,6,28,la robinière,M,0.0,0.0,440
201600001844,16,5,14,845,1,1,1,1,6,213,bellevue,M,4741385.0,-100608.0,440
201600001845,16,7,16,30,3,1,1,1,6,213,le grand patis,M,4739363.0,-106016.0,440
201600001846,16,9,6,800,1,1,1,1,1,96,rue st exupery,M,4740901.0,-118442.0,440
201600001847,16,1,13,1215,1,1,1,1,1,169,Les divettes,M,4722692.0,-143969.0,440
201600001848,16,6,9,2245,3,1,1,1,1,212,la touche,M,4717550.0,-123954.0,440
201600001849,16,8,30,1500,1,1,1,1,5,169,la bassetteire,M,4723213.0,-140049.0,440
201600001850,16,1,15,800,5,2,9,1,3,115,rue de la Vieille Cour,M,4734811.0,-128767.0,440
201600001851,16,1,22,2045,3,1,2,5,3,77,franchaud,M,4750310.0,-148213.0,440
201600001852,16,8,26,2145,3,1,1,1,6,77,,M,4748122.0,-144873.0,440
201600001853,16,2,24,1700,1,1,1,3,5,118,La Royere,M,4748959.0,-116238.0,440
201600001854,16,1,16,100,5,2,1,9,6,62,Rue du stade,M,4752244.0,-174799.0,440
201600001855,16,2,16,2030,3,1,1,1,6,128,,M,4753475.0,-185853.0,440
201600001856,16,3,15,1200,1,1,2,1,3,128,rue des pontreaux,M,4752704.0,-190095.0,440
201600001857,16,4,28,1730,1,1,1,2,3,128,25 rue de la gaudin,M,4754096.0,-188951.0,440
201600001858,16,6,1,1145,1,2,2,1,3,111,PLACE de la PAIX,M,4738184.0,-171003.0,440
201600001859,16,6,29,1600,1,1,2,1,1,7,4 routes de gaumain,M,4761202.0,-194482.0,440
201600001860,16,8,29,1800,1,1,1,1,6,15,le bouhonnais,M,4744367.0,-178118.0,440
201600001861,16,9,30,2200,3,1,4,1,3,15,,M,4746170.0,-177068.0,440
201600001862,16,1,8,2030,3,1,1,1,1,73,Le haut dussais,M,4744915.0,-160880.0,440
201600001863,16,1,9,1345,1,1,2,1,3,73,le verdinière,M,4741132.0,-161007.0,440
201600001864,16,3,19,1200,1,1,1,1,1,27,l'hivernière,M,4740991.0,-155536.0,440
201600001865,16,4,8,2100,2,2,1,1,2,179,rue du pinsoison,M,4735925.0,-141032.0,440
201600001866,16,6,12,100,3,1,1,8,2,73,les pélis,M,4743010.0,-166721.0,440
201600001867,16,6,18,1945,1,1,1,1,5,110,la tindière,M,4741703.0,-152389.0,440
201600001868,16,6,17,830,1,1,1,1,4,27,malaudais,M,4739554.0,-152564.0,440
201600001869,16,11,8,1925,3,1,1,2,2,73,LA FEUILLETAIS,M,4743563.0,-167318.0,440
201600001870,16,11,22,1815,5,2,1,1,6,110,ROUTE D'HERIC,M,4743735.0,-150349.0,440
201600001871,16,12,10,1315,1,1,1,5,3,110,Rd 164 - La Haie Pacoret,M,4743755.0,-154630.0,440
201600001872,16,12,12,1730,3,1,1,2,6,73,La Bosse des Landes,M,4740124.0,-164618.0,440
201600001873,16,1,24,1400,1,1,2,1,3,193,lieudit la barre,M,4765472.0,-149236.0,440
201600001874,16,1,27,2015,3,1,1,2,6,197,la haut noé,M,4773080.0,-156151.0,440
201600001875,16,7,3,915,1,1,3,2,6,149,Bel Air,M,4749954.0,-156488.0,440
201600001876,16,1,6,145,3,2,1,2,6,171,RD751 A,M,4714050.0,-171408.0,440
201600001877,16,2,14,300,3,1,1,8,3,171,,M,4714582.0,-170002.0,440
201600001878,16,3,24,745,1,1,1,1,6,18,20 rte de la mare potier,M,4715070.0,-166558.0,440
201600001879,16,5,10,600,2,1,1,1,5,130,rue du pays de retz,M,4712433.0,-159623.0,440
201600001880,16,6,4,30,4,1,2,1,3,130,rue basse foret,M,4714279.0,-157209.0,440
201600001881,16,6,7,1245,1,2,1,1,6,130,La bauche tue loup,M,4713876.0,-155202.0,440
201600001882,16,6,16,1215,1,2,6,1,3,18,rue de Nantes,M,4714374.0,-168121.0,440
201600001883,16,6,21,715,1,1,1,2,1,120,la cossonnière,M,4719965.0,-180335.0,440
201600001884,16,8,15,1730,1,1,1,1,7,18,la maison pointard,M,4714694.0,-164869.0,440
201600001885,16,9,10,1800,1,2,1,1,1,24,rue du prés,M,4716725.0,-172476.0,440
201600001886,16,9,18,230,5,2,1,1,6,130,Route RD11,M,4712352.0,-158582.0,440
201600001887,16,5,1,1830,1,2,6,1,1,126,rue de la croix bouteau,M,4713379.0,-219322.0,440
201600001888,16,6,18,1615,1,2,1,1,1,21,RUE DES JAUNINS,M,4704426.0,-194036.0,440
201600001889,16,6,22,1200,1,1,2,1,3,164,la maison bertin,M,0.0,0.0,440
201600001890,16,6,22,1900,1,1,1,8,1,5,,M,4711937.0,-194472.0,440
201600001891,16,7,14,1215,1,1,1,1,4,12,,M,4708779.0,-202865.0,440
201600001892,16,8,22,1400,1,1,1,1,5,164,pont béranger,M,4712898.0,-182109.0,440
201600001893,16,3,13,1645,1,2,1,1,1,192,rue du parc des sports,M,4725808.0,-201630.0,440
201600001894,16,6,11,730,1,1,1,1,6,38,le pin,M,4716338.0,-200264.0,440
201600001895,16,6,15,1800,1,1,1,1,1,46,la guivaudrie,M,4725878.0,-208184.0,440
201600001896,16,7,13,2015,2,2,6,1,2,116,rue des rempart,M,4728721.0,-204230.0,440
201600001897,16,8,17,1245,1,1,1,1,2,154,,M,4726239.0,-216003.0,440
201600001898,16,8,21,400,5,2,1,1,6,154,route de la quatretais,M,4722367.0,-214815.0,440
201600001899,16,9,5,2130,3,1,1,1,3,154,,M,4725199.0,-214810.0,440
201600001900,16,1,9,930,1,2,6,1,3,87,place du champ de foire,M,4699368.0,-182551.0,440
201600001901,16,4,17,1730,1,1,1,1,6,145,buzay,M,4720661.0,-182698.0,440
201600001902,16,5,5,1730,1,1,1,1,6,157,le taillis rondeau,M,4692375.0,-172082.0,440
201600001903,16,7,11,1100,1,1,1,1,6,145,les grandes rivières,M,4719941.0,-184483.0,440
201600001904,16,7,11,1145,1,1,1,1,6,186,,M,4709102.0,-183308.0,440
201600001905,16,7,12,2245,3,1,1,1,6,178,la guilloterie,M,4708100.0,-175400.0,440
201600001906,16,7,23,1145,1,2,6,1,3,186,Rond point Super U,M,4710330.0,-180344.0,440
201600001907,16,8,29,1400,1,1,1,1,3,119,la pintière,M,4697042.0,-178583.0,440
201600001908,16,10,3,1500,1,1,3,1,3,157,la chevalerie,M,4693389.0,-172701.0,440
201600001909,16,6,30,1430,1,2,1,1,6,47,Bd Martyrs Résistance,M,4721250.0,-171272.0,440
201600001910,16,7,3,1645,1,1,1,1,3,47,,M,0.0,0.0,440
201600001911,16,9,26,915,1,1,1,1,1,47,la botardière,M,4724148.0,-166590.0,440
201600001912,16,11,25,2000,3,1,1,1,1,74,LA VALLÉE D'INDRE,M,4720102.0,-166614.0,440
201600001913,16,1,6,900,1,2,1,1,1,30,rue du Lavoir,M,4744710.0,-224600.0,440
201600001914,16,1,13,1600,1,2,1,1,2,211,boulevard de l'europe,M,4735114.0,-250936.0,440
201600001915,16,1,27,1900,1,1,1,1,1,151,,M,4731418.0,-232077.0,440
201600001916,16,3,14,900,1,2,1,7,6,69,Bd Général de GAULLE,M,4732984.0,-243614.0,440
201600001917,16,3,26,2100,3,1,1,2,6,72,,M,4743411.0,-232742.0,440
201600001918,16,3,31,1200,1,2,1,1,3,30,rue du lavoir,M,4744724.0,-224256.0,440
201600001919,16,4,8,1845,1,2,6,1,3,72,Boulevard de Brière,M,4744886.0,-231335.0,440
201600001920,16,4,17,1700,1,2,1,1,6,49,Rue Bretonnie,M,4729400.0,-251426.0,440
201600001921,16,4,21,1200,1,2,1,1,7,30,91 rue de la saulzaie,M,4745507.0,-223164.0,440
201600001922,16,4,19,1930,1,1,1,1,6,69,route des marais,M,4733107.0,-247826.0,440
201600001923,16,5,28,1100,1,1,1,1,1,211,route des meslons,M,4738230.0,-248277.0,440
201600001924,16,5,30,1830,1,2,1,1,6,49,rue des poilus,M,4729079.0,-250803.0,440
201600001925,16,6,4,615,1,1,1,1,7,151,,M,4732247.0,-232363.0,440
201600001926,16,6,7,1045,1,2,6,1,3,69,rue des patis,M,4732986.0,-241302.0,440
201600001927,16,6,26,130,3,1,9,1,6,69,haut bissin,M,4731450.0,-240705.0,440
201600001928,16,7,13,2030,1,1,1,1,1,69,,M,4736022.0,-245082.0,440
201600001929,16,7,20,1415,1,1,1,1,1,30,mayun,M,4744622.0,-226157.0,440
201600001930,16,7,22,1730,1,2,1,1,2,69,route de clis,M,4734000.0,-246200.0,440
201600001931,16,7,22,1530,1,1,1,1,2,69,route de la baule,M,4730698.0,-240820.0,440
201600001932,16,7,25,1500,1,1,1,1,3,6,,M,4742877.0,-239274.0,440
201600001933,16,8,2,1800,1,1,1,1,3,69,faubourg ste anne,M,4733058.0,-242945.0,440
201600001934,16,8,2,1845,1,1,6,1,1,69,avenue de la brière,M,4733045.0,-242415.0,440
201600001935,16,8,5,1215,1,1,1,1,5,69,echangeur kerhaut,M,4730774.0,-238869.0,440
201600001936,16,8,7,1615,1,1,1,1,3,175,le nezyl,M,4737160.0,-232755.0,440
201600001937,16,8,15,1130,1,2,1,1,1,125,bd du Gal de Gaule,M,4738013.0,-253820.0,440
201600001938,16,8,24,915,1,2,9,1,6,49,rue du traict,M,4729203.0,-250921.0,440
201600001939,16,8,16,1200,1,1,1,1,3,10,route de la gauvelle,M,4726734.0,-245408.0,440
201600001940,16,9,26,1800,1,1,2,1,3,175,les quatres routes,M,4735948.0,-237459.0,440
201600001941,16,2,21,1915,3,2,1,1,2,210,rue des grimaudières,M,4731116.0,-221048.0,440
201600001942,16,3,5,1600,1,1,1,1,3,52,la mornais,M,4733300.0,-202500.0,440
201600001943,16,3,25,1545,1,2,1,1,7,168,rue du Pintré,M,4736661.0,-218891.0,440
201600001944,16,8,24,230,4,2,1,1,6,103,avenue hubert bouyer,M,4733048.0,-213974.0,440
201600001945,16,8,25,1700,1,1,1,1,6,103,bd grandes rivières,M,4732008.0,-211456.0,440
201600001946,16,10,4,1825,1,1,1,1,6,52,lieu dit LA SENCIE,M,4734442.0,-208026.0,440
201600001947,16,11,5,335,3,1,1,1,6,168,11 jean moulin,M,4736476.0,-218784.0,440
201600001948,16,3,30,1630,1,1,1,2,7,139,le pont aux meuniers,M,4745295.0,-194005.0,440
201600001949,16,6,29,1745,1,2,1,7,7,189,CREVY,M,4745020.0,-219502.0,440
201600001950,16,7,15,900,1,2,6,1,3,129,route de crossac,M,4743404.0,-209904.0,440
201600001951,16,8,1,1500,1,1,1,1,5,196,le chesneau,M,4755214.0,-206506.0,440
201600001952,16,8,16,1915,1,2,1,1,6,129,place du marché,M,4744200.0,-209600.0,440
201600001953,16,3,13,915,1,1,1,1,6,217,la billiais deniau,M,4730073.0,-175405.0,440
201600001954,16,7,17,1430,1,1,1,1,7,158,la soudenais,M,4729415.0,-175929.0,440
201600001955,16,6,11,600,2,1,1,1,6,25,,M,4741071.0,-192007.0,440
201600001956,16,11,25,1850,3,1,1,8,6,195,,M,4736079.0,-189820.0,440
201600001957,16,6,28,1600,1,2,1,1,1,278,chemin des Noëls,M,4741905.0,-57884.0,490
201600001958,16,7,13,1115,1,2,1,1,6,214,10 rue espéranto,M,4752925.0,-60472.0,490
201600001959,16,7,15,1200,1,2,1,1,1,35,RUE DES FRERES GASNIER,M,4741485.0,-61629.0,490
201600001960,16,8,1,2100,1,1,1,1,6,278,Route du hutreau,M,4743661.0,-55367.0,490
201600001961,16,6,23,1745,1,1,1,1,6,194,route de St Mathurin,M,4745360.0,-27693.0,490
201600001962,16,7,1,700,1,1,1,1,1,194,La Pommeraie,M,4746564.0,-29517.0,490
201600001963,16,7,7,1330,1,1,1,1,7,194,La Motte Fauveau,M,4743247.0,-29723.0,490
201600001964,16,7,23,2030,1,2,1,1,3,139,"Rue David D'Angers,",M,4750283.0,-24475.0,490
201600001965,16,9,9,1745,1,1,2,1,2,21,,M,4744156.0,-18773.0,490
201600001966,16,9,21,1530,1,1,1,1,6,194,,M,4745462.0,-27788.0,490
201600001967,16,10,20,445,3,1,1,1,6,201,,M,4741278.0,-25487.0,490
201600001968,16,12,20,1645,1,1,1,1,7,138,Les Guinebauld,M,4748568.0,-20847.0,490
201600001969,16,12,26,1745,3,1,1,1,1,147,Les Planches,M,4745601.0,-22940.0,490
201600001970,16,3,9,1515,1,2,1,2,3,134,rue Albert Lebrun,M,4729400.0,-52197.0,490
201600001971,16,3,10,1715,1,1,1,1,6,363,,M,4734751.0,-47004.0,490
201600001972,16,3,15,1315,1,2,1,1,1,50,rue louis moron,M,4735363.0,-44807.0,490
201600001973,16,4,1,2230,3,1,1,1,6,222,,M,4733927.0,-58447.0,490
201600001974,16,5,6,2315,3,1,1,1,6,223,,M,4738920.0,-52589.0,490
201600001975,16,6,6,945,1,1,1,1,3,86,Millé,M,4725764.0,-44635.0,490
201600001976,16,7,12,1300,1,1,1,3,6,153,Le Gué Robert,M,4721684.0,-58239.0,490
201600001977,16,8,1,1945,1,1,6,1,3,50,,M,4734340.0,-43700.0,490
201600001978,16,8,6,915,3,1,1,2,7,223,,M,4739156.0,-52575.0,490
201600001979,16,8,28,1915,1,1,1,1,1,50,La riauté,M,4732823.0,-44098.0,490
201600001980,16,10,7,1000,1,1,1,1,6,167,Le bois planté,M,4738509.0,-48536.0,490
201600001981,16,10,22,1530,1,1,1,7,2,71,L'esperance,M,4727028.0,-67099.0,490
201600001982,16,5,27,2345,3,2,1,2,6,196,Rue de la Mairie,M,4751962.0,-67200.0,490
201600001983,16,6,12,815,1,1,6,1,6,377,,M,4752575.0,-42739.0,490
201600001984,16,9,18,1030,1,2,1,7,6,19,rue Piere Chanteloup,M,4749935.0,-31882.0,490
201600001985,16,3,20,1715,1,2,2,1,3,63,rue nationale,M,4735253.0,-76280.0,490
201600001986,16,4,16,1915,2,1,1,1,2,160,,M,4741600.0,-90110.0,490
201600001987,16,4,3,1415,1,2,1,1,3,163,21 rue de la mairie,M,4755653.0,-23150.0,490
201600001988,16,6,14,1745,1,1,2,1,3,127,,M,4763321.0,-24889.0,490
201600001989,16,8,1,1915,1,2,2,1,1,333,rue Nationale,M,4757922.0,-35100.0,490
201600001990,16,8,30,1345,1,1,2,1,3,333,Pont Herbault,M,4757065.0,-34718.0,490
201600001991,16,12,24,1300,1,1,6,1,7,188,,M,4756795.0,-32740.0,490
201600001992,16,7,19,1930,1,1,1,1,3,151,,M,4720171.0,-112296.0,490
201600001993,16,1,12,1715,2,1,1,1,1,225,,M,4727073.0,-76809.0,490
201600001994,16,4,14,1700,1,1,1,1,7,300,,M,4725168.0,-77829.0,490
201600001995,16,5,28,1300,1,2,1,1,3,92,63 av du G de Gaulle,M,4721427.0,-72202.0,490
201600001996,16,5,30,1730,1,2,1,1,2,268,rue nationale,M,4728972.0,-84814.0,490
201600001997,16,6,4,600,2,1,2,1,3,225,,M,4728121.0,-78227.0,490
201600001998,16,8,6,1615,1,1,1,1,2,111,Le Breil,M,4716942.0,-65817.0,490
201600001999,16,7,30,1300,1,1,1,1,6,355,,M,4711564.0,-80298.0,490
201600002000,16,9,14,1715,1,1,1,1,6,92,La Lisardière,M,4724143.0,-76333.0,490
201600002001,16,10,6,800,1,1,1,1,1,92,La haute Lande,M,4719920.0,-71945.0,490
201600002002,16,10,12,1600,1,1,1,1,6,355,,M,4713441.0,-77654.0,490
201600002003,16,10,31,1330,1,2,1,1,6,92,av du Général De Gaulle,M,4720763.0,-72449.0,490
201600002004,16,11,18,2100,3,1,1,3,7,343,Le bois Girard,M,4699470.0,-83631.0,490
201600002005,16,11,20,200,3,1,1,6,7,74,Le pineau,M,4718966.0,-79484.0,490
201600002006,16,1,14,1545,1,1,2,1,3,258,,M,4713145.0,-108324.0,490
201600002007,16,2,8,1300,1,1,1,6,6,27,,M,4715510.0,-93307.0,490
201600002008,16,3,6,745,1,1,1,1,1,301,,M,4713370.0,-96874.0,490
201600002009,16,5,3,1900,1,2,1,1,6,285,31 rue de bretagne,M,4712307.0,-113132.0,490
201600002010,16,6,8,1815,1,1,3,1,3,193,La Caltière,M,4711128.0,-86566.0,490
201600002011,16,6,25,1615,1,2,1,1,2,301,LA COURBIERE,M,4711886.0,-97377.0,490
201600002012,16,7,11,1915,1,2,1,1,1,285,rue Saint Lazare,M,4710378.0,-112900.0,490
201600002013,16,7,22,100,3,1,1,1,5,332,,M,4706579.0,-93002.0,490
201600002014,16,7,21,1130,1,1,1,1,6,269,,M,4700720.0,-93615.0,490
201600002015,16,8,21,1700,1,1,1,1,6,258,Le chemin des pêcheurs,M,4710416.0,-106719.0,490
201600002016,16,9,4,1115,1,1,1,1,7,193,La Caltière,M,4711481.0,-87345.0,490
201600002017,16,10,1,945,1,2,1,2,3,299,Rue de la Vendée,M,4709054.0,-90967.0,490
201600002018,16,10,8,2030,3,1,1,1,7,332,,M,4706769.0,-95748.0,490
201600002019,16,10,12,815,1,2,1,1,6,301,43 rue de Vendée,M,4712190.0,-99324.0,490
201600002020,16,10,14,1315,1,1,1,1,7,193,,M,4715030.0,-91069.0,490
201600002021,16,11,16,1130,1,2,1,1,6,206,Rue louis Monnier,M,4709715.0,-112569.0,490
201600002022,16,12,3,745,3,1,1,1,6,99,La Petite Châtaigneraie,M,4704335.0,-93614.0,490
201600002023,16,12,5,2130,3,1,1,2,7,193,Le Petit Millet,M,4714121.0,-84861.0,490
201600002024,16,12,9,1730,5,1,6,1,6,301,,M,4711390.0,-99356.0,490
201600002025,16,12,11,1615,1,1,1,2,7,258,,M,4711877.0,-107697.0,490
201600002026,16,1,23,1915,3,1,1,2,1,83,La Farinière,M,4729559.0,-97209.0,490
201600002027,16,2,2,745,2,1,1,2,7,276,La Nigaudière,M,4737083.0,-97434.0,490
201600002028,16,3,6,1615,1,2,1,1,6,276,Place de la févrière,M,4736068.0,-101608.0,490
201600002029,16,4,25,730,2,2,1,7,3,126,La Nigaudière,M,4734401.0,-120400.0,490
201600002030,16,5,6,2015,1,2,3,1,3,276,avenue de l'Europe,M,4736067.0,-100984.0,490
201600002031,16,5,16,130,4,2,1,1,6,172,rue d'anjou,M,4726685.0,-123811.0,490
201600002032,16,5,21,845,1,2,1,1,2,316,14 rue de bretagne,M,4727293.0,-108023.0,490
201600002033,16,6,25,145,5,2,1,1,6,177,rue d'anjou,M,4734464.0,-116285.0,490
201600002034,16,8,28,1815,1,1,1,1,6,69,La Patache,M,4733879.0,-125576.0,490
201600002035,16,9,3,1430,1,1,1,1,7,83,La Grognière,M,4728086.0,-100108.0,490
201600002036,16,9,17,1700,1,1,1,1,5,126,Le Mésangeau,M,4731426.0,-119301.0,490
201600002037,16,10,3,2145,3,1,1,1,1,177,les augers,M,4736580.0,-112888.0,490