Num_Acc,an,mois,jour,hrmn,lum,agg,int,atm,col,com,adr,gps,lat,long,dep
201600002038,16,10,8,1300,1,1,1,1,7,137,La Gaudinière,M,4720254.0,-104464.0,490
201600002039,16,11,23,1815,5,2,1,1,6,276,RUE DE BRETAGNE,M,4736359.0,-101477.0,490
201600002040,16,11,26,1145,1,2,1,1,6,69,38 RUE ST LAZARE,M,4733612.0,-125819.0,490
201600002041,16,11,28,745,2,1,3,1,3,83,,M,4726939.0,-101344.0,490
201600002042,16,10,27,730,5,2,1,1,7,137,43 rue de l'EVre,M,4722130.0,-103798.0,490
201600002043,16,12,3,1500,1,1,1,1,7,313,La Bellière,M,4725265.0,-101833.0,490
201600002044,16,12,5,45,3,1,1,1,7,172,La Savaterie,M,4727767.0,-121222.0,490
201600002045,16,12,29,1445,1,1,2,1,3,190,La lande pivin,M,4735536.0,-105265.0,490
201600002046,16,9,13,900,1,1,1,3,7,190,Les Brosses,M,4735493.0,-104893.0,490
201600002047,16,4,13,1145,1,1,1,1,7,352,VC2,M,4703561.0,-75131.0,490
201600002048,16,4,20,1245,1,1,2,1,3,192,,M,4701533.0,-74417.0,490
201600002049,16,4,23,1545,1,1,2,1,1,355,La gare,M,4713520.0,-81260.0,490
201600002050,16,7,14,500,2,2,1,1,1,192,Route de cholet,M,4701438.0,-76276.0,490
201600002051,16,8,23,700,1,2,1,1,1,352,rue auguste cheron,M,4705381.0,-76432.0,490
201600002052,16,11,25,1315,1,1,1,1,6,371,,M,4712270.0,-68655.0,490
201600002053,16,1,4,115,1,1,1,1,6,368,La bourguillonnière,M,4740373.0,5725.0,490
201600002054,16,1,30,500,3,1,1,2,6,372,,M,4752156.0,-12645.0,490
201600002055,16,2,18,1415,1,1,1,1,5,101,La lande barbot,M,4765074.0,-7259.0,490
201600002056,16,3,17,1830,1,1,1,1,6,368,,M,4739089.0,4268.0,490
201600002057,16,8,4,1700,1,1,2,1,3,150,,M,4755257.0,6962.0,490
201600002058,16,9,25,2015,3,1,1,1,7,143,,M,4762701.0,-13759.0,490
201600002059,16,10,18,30,3,1,1,1,7,228,La promenade,M,4751585.0,7618.0,490
201600002060,16,11,10,1615,1,1,1,1,2,128,,M,4755032.0,-15413.0,490
201600002061,16,12,10,1630,1,1,1,1,6,197,La Grande Besnardière,M,4753015.0,17807.0,490
201600002062,16,1,24,1715,1,1,2,1,3,356,le coq hardi,M,4715012.0,-47691.0,490
201600002063,16,3,4,745,2,1,1,3,3,211,,M,4715403.0,-52236.0,490
201600002064,16,3,6,1315,1,2,1,1,3,240,33 RUE DU COMMERCE,M,4706895.0,-63372.0,490
201600002065,16,3,9,1945,3,1,1,3,6,211,,M,4716837.0,-51508.0,490
201600002066,16,4,8,1230,1,1,1,8,3,211,Belle arrivée,M,4719829.0,-51935.0,490
201600002067,16,5,1,2030,1,1,1,7,1,232,,M,4712660.0,-38160.0,490
201600002068,16,6,18,1100,1,1,2,1,3,182,,M,4722181.0,-33206.0,490
201600002069,16,10,26,1715,1,1,2,1,3,191,MALIGNE,M,4723251.0,-40362.0,490
201600002070,16,12,11,1915,3,1,1,2,4,373,,M,4713767.0,-55219.0,490
201600002071,16,12,16,1800,3,1,1,1,1,141,,M,4721283.0,-25088.0,490
201600002072,16,1,1,1800,3,1,1,1,6,224,Les Patures,M,4731037.0,-2749.0,490
201600002073,16,1,9,945,1,1,1,7,3,378,Route de Senneçon,M,4733771.0,-8865.0,490
201600002074,16,2,20,2345,3,1,1,2,6,30,La sablonnière,M,4736077.0,-8930.0,490
201600002075,16,4,10,1800,1,1,4,1,3,116,,M,4747174.0,-6919.0,490
201600002076,16,6,4,1400,1,2,1,1,6,94,40 Rue des Bateliers,M,4730867.0,-15348.0,490
201600002077,16,7,31,1900,1,1,1,1,1,180,,M,4737229.0,-14283.0,490
201600002078,16,8,26,315,4,2,1,1,6,279,10 chemin des Ruaux,M,4735296.0,-27514.0,490
201600002079,16,8,27,2330,3,1,1,1,2,41,La chaussée,M,4728604.0,5892.0,490
201600002080,16,8,30,2000,1,1,1,1,1,149,Route du Thoureil,M,4734662.0,-23858.0,490
201600002081,16,9,9,1845,1,1,1,1,6,272,Rue des sables,M,4734268.0,-19819.0,490
201600002082,16,9,15,1215,1,2,1,2,3,41,04 rue diane de Méridor,M,4730123.0,6290.0,490
201600002083,16,9,18,1800,1,1,1,1,1,180,Athée,M,4739313.0,-10356.0,490
201600002084,16,10,9,1700,1,1,1,1,2,311,La Chartrie,M,4738795.0,-6167.0,490
201600002085,16,10,24,745,3,1,3,5,3,311,,M,4738482.0,-7697.0,490
201600002086,16,11,29,1945,5,2,1,1,6,180,Rue Michel Couet,M,4738712.0,-11575.0,490
201600002087,16,12,2,2015,3,1,6,1,6,378,La ronde,M,4730485.0,-3615.0,490
201600002088,16,12,9,715,3,1,1,5,1,180,La Pioterie,M,4736850.0,-14607.0,490
201600002089,16,12,24,830,1,1,1,8,1,261,,M,4735365.0,-23659.0,490
201600002090,16,12,30,1645,1,1,1,1,6,2,Route d'Allonnes,M,4728631.0,5796.0,490
201600002091,16,4,30,1415,1,1,1,1,7,302,,M,4713069.0,-29151.0,490
201600002092,16,8,20,1700,1,1,1,1,6,140,,M,4719702.0,21.0,490
201600002093,16,11,22,1400,1,2,1,2,1,219,22 quai ALexandre Dumas,M,4721446.0,6683.0,490
201600002094,16,12,10,1615,1,2,1,1,3,215,220 boulevard pasteur,M,4713902.0,-15522.0,490
201600002095,16,1,29,745,2,2,1,1,3,331,rue gustave eiffel,M,4769764.0,-86440.0,490
201600002096,16,2,7,600,3,1,1,1,6,8,Les roches,M,4757325.0,-101965.0,490
201600002097,16,2,13,1400,1,1,1,6,1,61,,M,4760234.0,-103428.0,490
201600002098,16,2,17,1930,3,1,1,1,1,184,le petit rossignol,M,4769515.0,-76631.0,490
201600002099,16,4,18,1800,1,2,3,1,3,331,"7, bd Léon Mauduit",M,4768913.0,-87931.0,490
201600002100,16,8,14,1930,1,2,2,1,3,54,Place du marché,M,4756040.0,-103796.0,490
201600002101,16,10,12,1505,1,2,2,1,3,36,Place de l'église,M,4774202.0,-96735.0,490
201600002102,16,12,2,1330,1,1,2,1,3,61,,M,4762626.0,-110304.0,490
201600002103,16,12,18,730,3,1,1,5,3,103,,M,4770881.0,-100156.0,490
201600002104,16,12,20,1830,5,2,3,1,3,277,Rue du Pont de La Verzée,M,4767594.0,-88319.0,490
201600002105,16,3,4,1900,5,2,1,8,1,176,rue des près des roches,M,4762255.0,-71997.0,490
201600002106,16,4,9,1600,1,1,6,8,7,176,,M,4763581.0,-72336.0,490
201600002107,16,5,21,1200,1,1,1,1,6,5,,M,4766942.0,-78255.0,490
201600002108,16,6,25,1815,1,1,1,1,7,298,Chemin des fouquetteries,M,4747098.0,-70629.0,490
201600002109,16,7,12,830,1,2,7,1,3,376,rue du moulin,M,4746299.0,-89203.0,490
201600002110,16,7,14,1900,1,1,1,1,7,249,,M,4756739.0,-79700.0,490
201600002111,16,10,7,1930,2,1,1,1,3,271,,M,4751218.0,-72546.0,490
201600002112,16,11,11,800,1,1,1,1,6,183,,M,4751744.0,-86706.0,490
201600002113,16,12,10,2230,3,1,1,5,6,298,Le Morisson,M,4747933.0,-71864.0,490
201600002114,16,2,7,715,2,1,1,1,1,135,,M,4761012.0,-58559.0,490
201600002115,16,2,12,1500,1,1,1,2,6,132,,M,4765742.0,-44868.0,490
201600002116,16,2,17,1245,1,1,1,1,6,135,Le point du jour,M,4760654.0,-61667.0,490
201600002117,16,3,29,1100,1,1,1,1,6,170,,M,4766311.0,-53510.0,490
201600002118,16,7,6,1145,1,1,1,1,1,90,Haute folie,M,4762678.0,-51083.0,490
201600002119,16,8,18,1300,1,2,1,1,3,80,Parking SUPER U,M,4768281.0,-50063.0,490
201600002120,16,10,6,1000,1,1,1,1,1,105,Mon idée,M,4772193.0,-51389.0,490
201600002121,16,11,2,1945,3,1,2,1,3,135,La Lande,M,4756248.0,-58539.0,490
201600002122,16,11,17,845,1,1,1,2,6,337,6 route de Gadifaix,M,4757460.0,-44044.0,490
201600002123,16,12,2,845,1,1,1,5,7,339,4 route d'Angers,M,4758452.0,-55369.0,490
201600002124,16,12,7,900,2,1,1,5,7,189,,M,4772709.0,-60474.0,490
201600002125,16,12,10,600,3,1,1,5,7,335,Le Douai,M,4774769.0,-57340.0,490
201600002126,16,9,22,1730,1,2,1,1,6,168,rue d'anjou,M,4798617.0,-78239.0,530
201600002127,16,10,7,2100,3,1,1,1,2,82,,M,4798081.0,-86417.0,530
201600002128,16,10,29,30,3,2,1,1,7,1,rue de bretagne,M,4802493.0,-87186.0,530
201600002129,16,5,5,1100,1,1,1,1,7,220,,M,4803686.0,-53846.0,530
201600002130,16,6,10,1515,1,1,1,1,3,49,,M,4815426.0,-63642.0,530
201600002131,16,9,12,1545,1,1,1,1,3,141,,M,4806654.0,-65218.0,530
201600002132,16,9,13,1900,1,1,1,1,7,152,,M,4795250.0,-57094.0,530
201600002133,16,9,25,1200,1,1,1,1,1,25,,M,4802382.0,-60949.0,530
201600002134,16,9,27,1115,1,2,1,1,6,152,Parking SUPER U,M,4795512.0,-56003.0,530
201600002135,16,11,2,745,1,1,1,5,5,67,,M,4797118.0,-45824.0,530
201600002136,16,2,9,1445,1,2,1,1,6,59,Rue de Normandie,M,4809952.0,-52065.0,530
201600002137,16,5,22,730,1,2,1,2,6,97,,M,4815329.0,-39474.0,530
201600002138,16,7,18,2000,1,1,1,7,3,10,,M,4815549.0,-33850.0,530
201600002139,16,7,22,2000,1,2,1,1,6,97,rue de chammes,M,4815040.0,-39587.0,530
201600002140,16,9,10,1545,1,1,3,1,5,255,,M,4810243.0,-37813.0,530
201600002141,16,9,13,2115,5,2,1,1,1,276,rue G et L Bidard,M,4813641.0,-29167.0,530
201600002142,16,10,21,1700,1,2,1,1,1,265,3 rue de sainte-suzanne,M,4809584.0,-27080.0,530
201600002143,16,12,28,2230,3,1,1,1,1,59,,M,4809144.0,-52895.0,530
201600002144,16,2,4,1815,5,2,1,1,6,62,place andré Counord,M,4782844.0,-69806.0,530
201600002145,16,2,25,1615,1,1,1,1,2,14,,M,4784215.0,-65091.0,530
201600002146,16,2,26,2115,3,1,1,1,1,37,,M,4787095.0,-38535.0,530
201600002147,16,3,1,1515,1,1,1,3,7,62,,M,4785457.0,-76443.0,530
201600002148,16,3,1,2145,3,2,1,1,6,14,RN162,M,4784329.0,-69738.0,530
201600002149,16,4,21,1700,1,1,1,2,7,46,,M,4793574.0,-50624.0,530
201600002150,16,5,4,1230,1,1,2,1,3,66,,M,4778121.0,-77090.0,530
201600002151,16,5,8,1400,1,1,1,1,6,78,,M,4780715.0,-63816.0,530
201600002152,16,6,7,1545,1,2,1,1,6,104,Division LECLERC,M,4785396.0,-60807.0,530
201600002153,16,6,26,430,2,1,1,1,6,62,,M,4782964.0,-73320.0,530
201600002154,16,7,5,1430,1,2,3,1,3,62,route de loigne sur maye,M,4783715.0,-72037.0,530
201600002155,16,7,16,1445,1,2,1,1,3,14,avenue georges pompidou,M,4782440.0,-69033.0,530
201600002156,16,7,18,915,1,2,1,1,3,62,RUE DE LA LIBERATION,M,4783619.0,-72805.0,530
201600002157,16,7,31,1315,1,1,1,1,7,117,,M,4791126.0,-73017.0,530
201600002158,16,8,20,1215,1,1,1,1,7,29,,M,4780805.0,-56114.0,530
201600002159,16,9,1,915,1,1,2,1,3,46,,M,4792568.0,-48687.0,530
201600002160,16,9,13,2330,3,1,1,6,6,14,,M,4779951.0,-65351.0,530
201600002161,16,10,5,1745,1,1,1,1,2,4,,M,4781329.0,-80988.0,530
201600002162,16,10,18,845,1,2,1,8,6,62,boulevard Bonneau,M,4782942.0,-71130.0,530
201600002163,16,11,20,45,3,1,1,6,6,150,,M,4778382.0,-67658.0,530
201600002164,16,11,22,115,3,1,1,1,6,62,,M,4781549.0,-72839.0,530
201600002165,16,12,1,1530,1,1,1,1,7,206,,M,4792685.0,-58275.0,530
201600002166,16,12,11,1,3,1,1,5,6,63,,M,4781812.0,-59811.0,530
201600002167,16,12,16,645,2,1,1,5,6,4,,M,4781278.0,-81243.0,530
201600002168,16,12,29,1245,1,1,9,1,2,37,,M,4787091.0,-38541.0,530
201600002169,16,2,6,1815,3,1,2,6,3,135,,M,4791622.0,-100124.0,530
201600002170,16,2,25,815,1,1,1,1,1,77,,M,4790973.0,-92583.0,530
201600002171,16,3,7,1800,1,1,1,1,7,77,,M,4793009.0,-91776.0,530
201600002172,16,6,5,45,3,1,1,1,7,84,,M,4785341.0,-94121.0,530
201600002173,16,6,24,1500,1,1,1,1,3,77,,M,4792018.0,-92143.0,530
201600002174,16,7,11,1730,1,1,1,1,7,258,,M,4784663.0,-105891.0,530
201600002175,16,12,2,1915,3,1,1,5,6,191,,M,4790582.0,-110373.0,530
201600002176,16,12,5,830,1,2,6,1,3,84,route departementale 771,M,4784504.0,-96455.0,530
201600002177,16,12,18,700,3,1,1,5,3,58,,M,4789578.0,-92923.0,530
201600002178,16,2,29,1600,1,2,1,7,6,147,rue duguesclin,M,4830852.0,-62265.0,530
201600002179,16,4,29,1800,1,2,1,1,2,147,,M,4828338.0,-61587.0,530
201600002180,16,5,24,1630,1,1,3,1,3,8,,M,4831010.0,-54104.0,530
201600002181,16,8,20,1300,1,1,1,1,5,8,,M,4829334.0,-59123.0,530
201600002182,16,8,20,745,2,1,1,1,2,8,,M,4833753.0,-54051.0,530
201600002183,16,9,10,1100,1,2,6,1,3,147,ZI Huilerie,M,4828559.0,-62272.0,530
201600002184,16,10,6,815,1,1,1,1,7,72,,M,4823850.0,-63320.0,530
201600002185,16,10,11,1030,1,2,6,7,3,147,carrefour jean jaures,M,4829823.0,-61489.0,530
201600002186,16,1,23,1715,1,2,1,1,6,96,,M,4829701.0,-94031.0,530
201600002187,16,5,8,600,3,1,1,1,6,64,,M,4832801.0,-71874.0,530
201600002188,16,6,9,745,1,2,1,1,1,107,RUE DU DOUANIER ROUSSEAU,M,4841108.0,-80231.0,530
201600002189,16,7,1,2000,1,1,1,2,6,245,,M,4842737.0,-28982.0,530
201600002190,16,7,5,1045,1,1,1,1,1,111,,M,4837064.0,-60707.0,530
201600002191,16,7,7,1115,1,2,1,1,7,96,Rue de Saint denis,M,4829948.0,-92757.0,530
201600002192,16,7,10,2030,1,1,1,1,4,177,,M,4831344.0,-105682.0,530
201600002193,16,9,7,1900,1,2,1,7,6,96,6 rue gambetta,M,4829701.0,-94031.0,530
201600002194,16,9,6,2015,1,2,1,1,7,96,route de Laval,M,4829320.0,-92927.0,530
201600002195,16,11,9,1815,3,1,1,3,6,131,,M,4844495.0,-80473.0,530
201600002196,16,11,28,800,1,1,1,1,7,213,,M,4842244.0,-106261.0,530
201600002197,16,4,26,1600,1,1,1,3,7,144,,M,4831183.0,-48147.0,530
201600002198,16,6,5,100,3,1,1,1,7,127,,M,4846361.0,-45184.0,530
201600002199,16,10,6,1315,1,1,1,1,7,230,,M,4849922.0,-41429.0,530
201600002200,16,6,9,1645,1,1,1,1,3,236,,M,4829460.0,-17069.0,530
201600002201,16,10,25,2000,3,1,1,1,1,208,,M,4843467.0,-26270.0,530
201600002202,16,2,4,1155,1,2,1,1,6,283,"40, MICHELET (RUE DU 40/",M,4626032.0,565289.0,10
201600002203,16,2,20,1826,3,1,1,1,7,14,CD 31,,,,10
201600002204,16,3,3,640,5,2,1,4,3,283,"1, OYONNAX (ROUTE D')",,,,10
201600002205,16,4,8,1425,1,2,1,2,6,283,"12, ECHALLON (VIEILLE RU",M,4625881.0,566171.0,10
201600002206,16,5,20,1745,1,1,1,1,5,283,,M,4624508.0,570369.0,10
201600002207,16,6,15,415,5,2,3,1,3,283,"8, VAUGELAS (RUE PAS DE",M,4626644.0,565716.0,10
201600002208,16,7,18,1615,1,2,1,1,6,283,"19, GAGARINE",M,4624440.0,564520.0,10
201600002209,16,7,24,1125,1,1,1,1,6,283,C.D. 13,M,4625286.0,568719.0,10
201600002210,16,8,18,2155,5,2,3,1,1,31,"63b, FORGE  DE Nø     A",M,4625285.0,563659.0,10
201600002211,16,10,11,1215,1,1,1,1,6,14,CD 31,M,4629041.0,565550.0,10
201600002212,16,11,3,1810,5,2,1,1,6,283,"27, HUGO (VICTOR)",,,,10
201600002213,16,11,30,1730,2,2,1,1,6,283,"10, CLEMENCEAU (RUE G. D",M,4625579.0,565132.0,10
201600002214,16,1,15,1715,2,2,1,1,1,178,rue du Val de Loir,M,4794500.0,56800.0,720
201600002215,16,4,21,715,2,1,1,1,6,64,,M,4786500.0,74500.0,720
201600002216,16,5,21,1530,1,1,1,3,7,35,,M,4784700.0,72600.0,720
201600002217,16,7,1,1215,1,2,1,1,6,269,2 avenue de kirchdorf,M,0.0,0.0,720
201600002218,16,9,16,1345,1,1,1,3,6,303,,M,4801400.0,59600.0,720
201600002219,16,11,25,1845,2,1,1,1,3,204,,M,0.0,0.0,720
201600002220,16,6,18,1215,1,2,1,1,3,334,Carrefour RD5 et RD 105,M,4819600.0,-12800.0,720
201600002221,16,1,22,845,1,1,1,2,1,386,,M,4802100.0,28400.0,720
201600002222,16,2,29,2100,5,1,1,1,6,90,,M,4807700.0,48500.0,720
201600002223,16,3,4,1445,1,2,1,3,3,331,VOIE DE LA LIBERTE,M,0.0,0.0,720
201600002224,16,4,17,1845,1,1,4,1,3,172,,M,4809700.0,60000.0,720
201600002225,16,5,17,1900,1,1,1,1,6,300,,M,4802900.0,35800.0,720
201600002226,16,5,25,2300,3,1,1,1,6,172,,M,4808700.0,62000.0,720
201600002227,16,7,5,745,1,2,1,1,6,345,lieu dit La vigne,M,4798000.0,46300.0,720
201600002228,16,6,7,1330,1,1,6,1,7,386,,M,0.0,0.0,720
201600002229,16,7,21,1345,1,1,1,1,1,386,,M,4800700.0,28700.0,720
201600002230,16,7,20,745,1,1,1,1,6,224,,M,4803000.0,48900.0,720
201600002231,16,7,25,1345,1,1,1,1,7,271,,M,4813800.0,43800.0,720
201600002232,16,7,23,1815,1,2,1,1,7,363,place du général leclerc,M,4811900.0,52400.0,720
201600002233,16,8,19,1700,1,2,1,1,6,224,lieu dit la route,M,0.0,0.0,720
201600002234,16,8,22,1900,1,1,1,1,5,54,,M,4800900.0,36800.0,720
201600002235,16,9,27,1930,3,1,1,1,7,358,,M,0.0,0.0,720
201600002236,16,10,7,1400,1,2,1,1,1,300,LA GRILLE DU PARC,M,0.0,0.0,720
201600002237,16,10,23,230,3,1,1,1,1,358,,M,0.0,0.0,720
201600002238,16,11,9,1715,5,2,1,2,3,165,Rue de MONTFORT,M,4807800.0,42000.0,720
201600002239,16,11,15,1715,1,1,1,2,1,300,,M,4803700.0,38000.0,720
201600002240,16,11,11,2330,3,1,1,2,6,363,,M,4813300.0,53900.0,720
201600002241,16,12,9,1645,1,1,1,1,5,90,,M,4804700.0,46200.0,720
201600002242,16,12,16,1915,3,1,1,1,1,358,,M,4805600.0,51900.0,720
201600002243,16,12,18,1415,1,1,1,5,1,122,,M,4807800.0,54000.0,720
201600002244,16,1,21,1630,1,1,1,1,7,217,,M,0.0,0.0,720
201600002245,16,3,3,815,1,1,1,1,5,150,,M,0.0,0.0,720
201600002246,16,5,24,2100,1,1,6,1,3,310,,M,0.0,0.0,720
201600002247,16,6,12,400,3,1,1,8,1,329,,M,0.0,0.0,720
201600002248,16,7,6,800,1,1,1,1,4,217,,M,0.0,0.0,720
201600002249,16,7,12,1815,1,1,1,2,5,328,,M,0.0,0.0,720
201600002250,16,12,7,1715,2,2,6,1,3,329,alphonse lavallée,M,0.0,0.0,720
201600002251,16,2,29,815,1,1,1,1,1,247,,M,0.0,0.0,720
201600002252,16,5,3,1200,1,2,1,1,6,168,2 rue malouin,M,0.0,0.0,720
201600002253,16,5,8,1515,1,1,1,1,5,344,,M,0.0,0.0,720
201600002254,16,5,18,1915,1,1,1,1,5,346,,M,0.0,0.0,720
201600002255,16,5,27,1815,1,2,1,1,3,381,18 route de louplande,M,4793500.0,6800.0,720
201600002256,16,7,26,1400,1,1,2,1,3,257,,M,4800900.0,15700.0,720
201600002257,16,8,16,1000,1,1,6,1,3,253,,M,0.0,0.0,720
201600002258,16,8,30,715,2,1,1,1,3,253,,M,0.0,0.0,720
201600002259,16,9,9,2230,3,1,9,1,6,344,,M,0.0,0.0,720
201600002260,16,12,9,900,3,1,1,5,6,96,,M,0.0,0.0,720
201600002261,16,1,19,1800,1,2,1,1,6,154,boulevard du québec,M,0.0,0.0,720
201600002262,16,5,17,1330,1,1,1,1,3,154,,M,0.0,0.0,720
201600002263,16,7,2,100,3,1,1,1,3,154,,M,4769000.0,-6300.0,720
201600002264,16,7,17,15,3,1,1,1,2,154,,M,4769800.0,-11200.0,720
201600002265,16,7,24,1515,1,2,1,7,6,25,Rue d'Anjou,M,4769200.0,-17200.0,720
201600002266,16,10,19,1415,1,2,1,1,1,154,allée des girouettes,M,4770100.0,-7200.0,720
201600002267,16,10,11,1815,1,1,1,1,6,143,,M,0.0,0.0,720
201600002268,16,10,26,2200,3,1,1,1,7,221,,M,4767300.0,39900.0,720
201600002269,16,12,21,630,3,1,1,1,6,143,,M,0.0,0.0,720
201600002270,16,11,23,1815,3,1,1,2,3,228,,M,4784500.0,-23100.0,720
201600002271,16,1,4,1615,1,1,1,1,1,50,,M,4798000.0,-22400.0,720
201600002272,16,1,18,1130,1,1,1,2,6,22,,M,4777900.0,-21000.0,720
201600002273,16,2,15,1945,5,2,1,1,1,223,carrefour 309 et D41,M,0.0,0.0,720
201600002274,16,3,8,1930,3,1,1,1,5,50,,M,4798800.0,-22600.0,720
201600002275,16,4,20,1000,1,1,1,1,3,228,,M,4782400.0,-20200.0,720
201600002276,16,6,13,1400,1,1,1,1,1,22,,M,4777500.0,-14100.0,720
201600002277,16,6,26,1745,1,1,1,1,7,50,,M,4798600.0,-20900.0,720
201600002278,16,8,12,800,1,2,1,1,6,223,56 rue du Maréchal Foch,M,4787100.0,-9800.0,720
201600002279,16,8,12,2045,1,1,1,1,1,22,,M,0.0,0.0,720
201600002280,16,9,2,1145,1,2,1,1,2,179,rue Victor HUGO,M,4781700.0,-8000.0,720
201600002281,16,11,11,315,3,1,1,1,6,228,LIEU DIT CREVE-COEUR,M,4784400.0,-23800.0,720
201600002282,16,11,14,745,1,1,1,1,3,239,,M,0.0,0.0,720
201600002283,16,11,17,1830,3,1,1,8,1,44,,M,4774100.0,-5300.0,720
201600002284,16,11,22,1530,1,1,1,1,6,307,,M,0.0,0.0,720
201600002285,16,11,23,1545,1,1,1,1,7,179,,M,4779900.0,-8800.0,720
201600002286,16,1,8,1830,3,1,1,1,2,51,,M,0.0,0.0,720
201600002287,16,1,29,1530,1,1,1,1,1,117,,M,0.0,0.0,720
201600002288,16,3,29,845,1,1,1,9,3,117,,M,0.0,0.0,720
201600002289,16,4,13,1945,1,1,1,1,7,252,,M,0.0,0.0,720
201600002290,16,4,16,700,2,1,1,1,6,135,,M,0.0,0.0,720
201600002291,16,5,21,1400,1,1,1,1,7,13,,M,0.0,0.0,720
201600002292,16,6,5,1830,1,2,1,1,2,176,,M,0.0,0.0,720
201600002293,16,6,22,745,1,1,1,1,1,191,,M,0.0,0.0,720
201600002294,16,7,8,115,3,1,1,1,6,175,,M,0.0,0.0,720
201600002295,16,7,11,1530,1,1,1,1,2,51,,M,0.0,0.0,720
201600002296,16,7,8,900,1,1,1,1,3,175,,M,0.0,0.0,720
201600002297,16,8,1,1530,1,1,2,1,3,51,,M,0.0,0.0,720
201600002298,16,8,14,1730,1,1,1,1,1,51,,M,0.0,0.0,720
201600002299,16,8,26,1500,1,1,1,1,2,283,,M,0.0,0.0,720
201600002300,16,2,11,1900,2,1,1,1,6,264,,M,0.0,0.0,720
201600002301,16,3,10,1000,1,2,1,1,6,264,48 rue du maine,M,0.0,0.0,720
201600002302,16,3,11,1645,1,1,1,1,1,151,,M,0.0,0.0,720
201600002303,16,7,7,2045,1,2,1,1,1,244,rue saint pierre,M,0.0,0.0,720
201600002304,16,8,5,1700,1,2,1,1,3,264,113 rue saint nicolas,M,0.0,0.0,720
201600002305,16,11,22,1830,3,1,1,1,3,244,,M,0.0,0.0,720
201600002306,16,1,15,2230,3,1,1,1,6,104,,M,0.0,0.0,720
201600002307,16,5,5,715,1,1,1,1,3,39,,M,0.0,0.0,720
201600002308,16,5,16,445,3,1,1,1,6,112,,M,0.0,0.0,720
201600002309,16,7,1,1615,1,1,1,1,3,220,,M,0.0,0.0,720
201600002310,16,7,17,1615,1,1,1,1,6,317,,M,0.0,0.0,720
201600002311,16,8,23,800,1,1,4,1,2,148,,M,0.0,0.0,720
201600002312,16,8,30,930,1,1,1,1,1,39,,M,0.0,0.0,720
201600002313,16,8,27,1000,1,1,1,1,1,276,,M,0.0,0.0,720
201600002314,16,9,22,2015,1,2,1,1,7,180,rue Coru,M,0.0,0.0,720
201600002315,16,9,30,1930,2,1,1,1,1,295,,M,0.0,0.0,720
201600002316,16,10,31,900,1,1,1,1,4,276,,M,0.0,0.0,720
201600002317,16,10,31,1645,1,2,9,1,6,112,"34, rue du saosnois",M,0.0,0.0,720
201600002318,16,11,11,1545,1,1,1,1,6,104,,M,0.0,0.0,720
201600002319,16,11,14,1845,5,2,1,1,3,39,43 avenue du 08 mai 1945,M,0.0,0.0,720
201600002320,16,11,24,1315,1,2,1,1,7,180,Rue Ernest Renan,M,0.0,0.0,720
201600002321,16,11,23,1745,3,1,2,8,3,313,,M,0.0,0.0,720
201600002322,16,12,1,945,1,2,1,1,6,354,rue du parc,M,0.0,0.0,720
201600002323,16,12,2,1530,1,2,1,1,2,180,rue Eugène Dubouillon,M,0.0,0.0,720
201600002324,16,12,2,1845,3,1,1,1,3,295,,M,0.0,0.0,720
201600002325,16,9,7,845,1,1,1,1,2,39,,M,0.0,0.0,720
201600002326,16,9,25,1700,1,2,1,1,3,132,Av du Gle de Gaulle,M,0.0,0.0,720
201600002327,16,11,4,1000,1,2,1,2,5,132,rue des Calots,M,0.0,0.0,720
201600002328,16,11,12,1400,1,2,9,8,6,132,88 avenue de verdun,M,0.0,0.0,720
201600002329,16,1,30,2345,3,1,1,2,2,82,,M,0.0,0.0,720
201600002330,16,2,13,1615,1,1,2,2,3,137,,M,0.0,0.0,720
201600002331,16,2,23,1800,1,2,9,1,5,308,rue de roselet,M,0.0,0.0,720
201600002332,16,3,26,930,1,1,1,1,6,137,,M,0.0,0.0,720
201600002333,16,4,15,2145,3,1,1,1,3,186,,M,0.0,0.0,720
201600002334,16,5,9,1515,1,1,1,1,1,254,,M,0.0,0.0,720
201600002335,16,6,6,800,1,2,1,1,3,29,7 rue henri de Navarre,M,0.0,0.0,720
201600002336,16,12,1,2315,3,1,1,5,6,152,,M,0.0,0.0,720
201600002337,16,12,22,1015,1,2,1,1,7,138,7 ave Charles De Gaulle,M,0.0,0.0,720
201600002338,16,12,30,1945,5,1,6,5,6,305,,M,0.0,0.0,720
201600002339,16,5,9,1515,1,1,1,1,1,288,LA MICHELIERE,M,4647121.0,-164927.0,850
201600002340,16,5,13,815,1,1,1,1,1,52,,M,4661269.0,-162895.0,850
201600002341,16,4,6,1230,1,1,1,1,2,46,,M,4666347.0,-128082.0,850