Num_Acc,an,mois,jour,hrmn,lum,agg,int,atm,col,com,adr,gps,lat,long,dep
201600002342,16,6,22,1930,1,1,1,1,1,73,LA FRISE,M,4650407.0,-119782.0,850
201600002343,16,7,22,1115,1,1,1,1,1,213,PIED DORE,M,4658535.0,-135346.0,850
201600002344,16,9,13,1830,1,1,1,2,6,46,PONT DE LA GOURDINE,M,4661903.0,-130876.0,850
201600002345,16,10,22,1315,1,1,1,1,2,8,,M,4662700.0,-144146.0,850
201600002346,16,11,2,1200,1,1,1,1,3,69,,M,4665433.0,-150255.0,850
201600002347,16,3,10,700,5,2,1,2,3,165,10 rue Nationale,M,4679592.0,-112744.0,850
201600002348,16,3,20,1715,1,1,2,1,3,220,MONTSIRON,M,4673095.0,-104611.0,850
201600002349,16,6,19,1545,1,1,1,1,3,89,Les Guéronières,M,4672667.0,-131542.0,850
201600002350,16,6,22,1630,1,1,1,1,1,276,Les Garnaudières du Haut,M,4673265.0,-108092.0,850
201600002351,16,7,2,2000,1,1,1,1,6,246,LE CHENE ROND,M,4671067.0,-118489.0,850
201600002352,16,8,22,1900,1,1,1,1,3,212,Les Lombardières,M,4679774.0,-117269.0,850
201600002353,16,9,23,645,2,1,1,5,1,51,LA MADELEINERIE,M,4670452.0,-106194.0,850
201600002354,16,12,2,1545,1,1,1,7,1,51,,M,4667240.0,-108428.0,850
201600002355,16,12,16,1745,2,1,6,1,1,51,GIRATOIRE DE PUYBELLIARD,M,4670460.0,-103628.0,850
201600002356,16,2,6,115,3,1,1,1,6,17,LAUBEPINE,M,4690509.0,-109882.0,850
201600002357,16,2,7,1400,1,1,1,1,6,153,,M,4680826.0,-102670.0,850
201600002358,16,2,4,2000,5,2,1,2,3,38,Rue Lattre de Tassigny,M,4688901.0,-132145.0,850
201600002359,16,2,27,515,3,2,9,1,6,301,13 RUE DU VIEUX CHÂTEAU,M,4682679.0,-112463.0,850
201600002360,16,3,3,2045,5,2,6,3,3,109,rond point du bignon,M,4687146.0,-102745.0,850
201600002361,16,3,29,1800,1,1,1,2,7,38,,M,4685872.0,-130683.0,850
201600002362,16,4,27,705,2,1,1,1,3,38,La Guère,M,4688742.0,-131076.0,850
201600002363,16,5,5,1215,1,1,1,1,6,82,LA BAUFRE,M,4687471.0,-87465.0,850
201600002364,16,7,20,1900,1,1,1,1,1,215,CROIX RAMBAUD,M,4687104.0,-115611.0,850
201600002365,16,10,29,1230,1,1,1,1,5,109,,M,4682510.0,-101252.0,850
201600002366,16,10,29,1900,3,1,1,1,7,82,L'Aufraire,M,4687825.0,-88568.0,850
201600002367,16,12,5,915,1,2,6,1,6,109,AVENUE DE LA MAINE,M,4687484.0,-102475.0,850
201600002368,16,12,6,1215,1,2,1,1,3,109,RUE NATIONALE,M,4687046.0,-101072.0,850
201600002369,16,12,24,1815,3,1,1,2,7,215,,M,4688338.0,-114237.0,850
201600002370,16,2,6,1,3,1,1,1,1,39,RUE SAINT ELOI,M,4700905.0,-119446.0,850
201600002371,16,2,29,1345,1,1,1,1,3,107,LA CARRIERE,M,4695538.0,-122578.0,850
201600002372,16,3,8,1845,1,2,6,1,3,146,BD V. ANSQUER-RUE 8 MAI,M,4697021.0,-130752.0,850
201600002373,16,4,8,1045,1,2,9,1,6,295,9 rue Ferdi. Jauffrineau,M,4698485.0,-123072.0,850
201600002374,16,4,17,30,3,1,1,1,7,217,,M,4696508.0,-130461.0,850
201600002375,16,5,4,1740,1,1,3,1,3,190,LA PLITIERE,M,4695598.0,-146763.0,850
201600002376,16,6,5,1715,1,2,1,1,1,217,La Migeonnière,M,4695064.0,-129706.0,850
201600002377,16,6,21,1445,1,1,1,1,7,197,LES ARCIS,M,4691626.0,-141466.0,850
201600002378,16,7,18,2000,2,1,1,1,3,21,LEMERIERE,M,4705247.0,-128240.0,850
201600002379,16,7,22,745,1,2,1,1,3,217,RUE DES GRANDS MOULINS,M,4693889.0,-127995.0,850
201600002380,16,7,27,2315,4,1,1,1,7,76,LA VIOLETTE,M,4705719.0,-123473.0,850
201600002381,16,8,5,1815,1,1,1,7,5,224,,M,4702131.0,-133734.0,850
201600002382,16,8,22,1400,1,1,1,1,6,108,LA TUILERIE,M,4689790.0,-138462.0,850
201600002383,16,8,28,2030,1,1,1,1,3,21,,M,4703753.0,-126624.0,850
201600002384,16,9,8,700,2,1,1,1,1,190,,M,4692275.0,-153331.0,850
201600002385,16,9,30,645,5,2,1,1,3,108,Maréchal de Tassigny,M,4690864.0,-137665.0,850
201600002386,16,10,6,1015,1,1,1,1,5,76,La Pénissière Douillard,M,4704425.0,-125053.0,850
201600002387,16,10,10,1800,1,1,1,1,7,272,La Gendellière,M,4689751.0,-140389.0,850
201600002388,16,12,15,1915,3,1,9,5,2,217,,M,4692347.0,-125252.0,850
201600002389,16,8,3,1800,1,1,1,1,5,302,LA MAISON NEUVE,M,4695609.0,-97756.0,850
201600002390,16,10,1,1415,1,1,1,2,7,240,VC du Poupet,M,4692304.0,-87522.0,850
201600002391,16,10,3,1215,1,1,1,1,3,119,La Fourcherie,M,4699320.0,-112505.0,850
201600002392,16,1,14,1630,2,1,1,1,3,178,La Retellière,M,4675028.0,-153905.0,850
201600002393,16,1,26,700,5,2,1,5,3,19,LE CHAMP DU BOIS,M,4679835.0,-143734.0,850
201600002394,16,2,11,1030,1,2,7,7,6,3,PLACE DE L'EGLISE,M,4673950.0,-160855.0,850
201600002395,16,2,28,2215,3,1,1,1,2,19,,M,4677093.0,-142984.0,850
201600002396,16,3,21,830,1,1,1,1,3,178,2 RUE DU SEJOUR,M,4674346.0,-143457.0,850
201600002397,16,3,25,1130,1,2,9,1,3,3,D948,M,4673691.0,-161949.0,850
201600002398,16,4,10,450,3,1,1,1,6,3,,M,4673275.0,-160908.0,850
201600002399,16,4,24,1545,1,2,1,1,7,300,7 rue du Stade,M,4660013.0,-66850.0,850
201600002400,16,5,3,1000,1,1,9,1,3,3,LA CHARRIE,M,4672260.0,-164194.0,850
201600002401,16,6,13,1445,1,1,1,3,6,178,LE BEIGNON JAUFFRIT,M,4676393.0,-147180.0,850
201600002402,16,8,9,900,1,2,6,7,1,3,Giratoire de la gare,M,4673825.0,-160375.0,850
201600002403,16,8,29,25,3,1,1,1,6,129,,M,4683735.0,-148811.0,850
201600002404,16,9,8,1645,1,1,1,1,1,19,,M,4677226.0,-140919.0,850
201600002405,16,9,9,915,2,1,1,7,1,300,La Babinière,M,4669886.0,-157140.0,850
201600002406,16,9,20,2015,2,1,1,1,5,300,LES TESSONNIERES,M,4668312.0,-158369.0,850
201600002407,16,10,6,1845,1,1,2,1,3,3,Route de Martinet,M,4670155.0,-165737.0,850
201600002408,16,10,13,1700,1,1,1,1,3,300,La Guilmandière,M,4668231.0,-149881.0,850
201600002409,16,11,8,1530,1,2,1,1,6,3,121 route du poiré,M,4674032.0,-159187.0,850
201600002410,16,12,25,1900,3,1,6,1,6,19,LES BROSSES,M,4679678.0,-144460.0,850
201600002411,16,12,27,1315,1,2,1,1,6,155,RUE CLAIR BOCAGE,M,4670602.0,-143017.0,850
201600002412,16,5,5,1800,1,2,1,1,6,126,LA TETE NOIRE,M,4647106.0,-85616.0,850
201600002413,16,7,22,1545,1,1,1,7,1,92,,M,4645050.0,-81563.0,850
201600002414,16,10,10,700,3,1,1,1,3,299,,M,4639313.0,-87294.0,850
201600002415,16,12,24,230,5,2,1,1,6,92,22 RUE DE GENEVE,M,4647077.0,-80188.0,850
201600002416,16,12,29,1945,5,2,1,1,3,92,111 RUE DE LA REPUBLIQUE,M,4646310.0,-79681.0,850
201600002417,16,4,13,1345,1,2,1,1,1,128,rue du pont gentilz,M,4645189.0,-116647.0,850
201600002418,16,5,13,1530,1,1,1,1,7,255,LES PRISES DES CORSIVES,M,4632350.0,-123418.0,850
201600002419,16,5,16,530,2,2,1,1,6,255,2 RUE DU BEAU MANTEAU,M,4634859.0,-126078.0,850
201600002420,16,7,2,1600,1,1,1,1,1,128,BASSES CHAUMES,M,0.0,0.0,850
201600002421,16,7,8,1215,1,1,1,1,2,216,LES QUATRE CHEMINS,M,4646554.0,-110821.0,850
201600002422,16,8,11,1710,1,1,1,1,6,104,Le Clos Vieux,M,4639238.0,-134894.0,850
201600002423,16,10,4,1145,1,2,1,1,6,128,55 Av M.De Lattre Tas.,M,4645582.0,-115779.0,850
201600002424,16,12,19,645,3,1,1,1,7,185,LA RENARDIERE,M,4639228.0,-107228.0,850
201600002425,16,8,7,830,1,2,1,1,7,168,,M,4641341.0,-68234.0,850
201600002426,16,9,6,1715,1,1,1,1,6,143,Les Coutres,M,4653459.0,-71184.0,850
201600002427,16,10,16,1245,1,1,1,1,7,92,,M,4644232.0,-78423.0,850
201600002428,16,11,21,1345,1,1,1,1,1,94,LA PIBOLIERE,M,4650831.0,-70028.0,850
201600002429,16,11,25,1030,1,1,1,2,3,265,,M,4640250.0,-72273.0,850
201600002430,16,12,17,115,3,1,1,1,6,28,GUINEFOLLE,M,4639862.0,-70701.0,850
201600002431,16,3,10,1400,1,1,2,1,3,14,,M,4667809.0,-91555.0,850
201600002432,16,3,31,2145,5,2,1,1,1,254,AVENUE DE LA SEVRE,M,4679430.0,-73170.0,850
201600002433,16,4,2,2045,3,1,1,1,1,229, lHermenardière,M,4660013.0,-66850.0,850
201600002434,16,5,4,1830,1,1,1,1,1,289,LA MORELIERE,M,4666452.0,-74538.0,850
201600002435,16,6,17,2145,2,1,1,1,3,145,Le Bois Tiffrais,M,4675139.0,-91529.0,850
201600002436,16,6,27,1800,1,2,1,1,1,182,20 rue Joachim ROUAULT,M,4677945.0,-83977.0,850
201600002437,16,7,1,2130,2,1,1,2,7,37,LA COUSSAIE,M,4664363.0,-68104.0,850
201600002438,16,7,27,2000,1,1,1,1,3,182,,M,4677355.0,-84693.0,850
201600002439,16,8,3,2315,3,2,1,1,1,37,Rue Georges Clémenceau,M,4665169.0,-68882.0,850
201600002440,16,9,5,950,1,2,1,1,6,41,Rue du Noyer,M,4659188.0,-81566.0,850
201600002441,16,9,16,1030,1,1,1,2,7,252,La Vallée,M,4665002.0,-77641.0,850
201600002442,16,10,2,1400,1,1,1,1,3,67,La Taponnière,M,4658002.0,-79540.0,850
201600002443,16,10,30,2000,3,1,1,1,7,5,La Belocière,M,4661408.0,-75613.0,850
201600002444,16,12,2,2345,3,1,1,1,6,14,LES GOURAUDERIES,M,4667986.0,-97205.0,850
201600002445,16,3,25,2210,3,1,1,8,6,237,LA PORTE AGUMIERE,M,4657606.0,-91808.0,850
201600002446,16,8,17,1930,1,1,1,1,1,188,Casserolle,M,4657893.0,-104809.0,850
201600002447,16,9,6,1515,1,1,2,1,1,205,Les Quatre Routes,M,4657402.0,-84814.0,850
201600002448,16,10,22,1930,3,1,1,1,2,181,,M,4649970.0,-92994.0,850
201600002449,16,11,19,1745,3,1,1,1,1,281,LA GUINTIERE,M,4650438.0,-87628.0,850
201600002450,16,12,24,1800,3,1,1,1,1,47,,M,4681624.0,-187954.0,850
201600002451,16,3,26,730,2,1,1,2,6,172,,M,4683578.0,-192042.0,850
201600002452,16,4,12,1845,1,1,1,1,7,260,La Petite Pilatrière,M,4681466.0,-165048.0,850
201600002453,16,4,22,1850,1,1,1,1,1,47,La Grolle,M,4680680.0,-183954.0,850
201600002454,16,4,23,1445,1,2,1,1,1,96,8 rue de Tassigny,M,4689086.0,-183193.0,850
201600002455,16,5,6,1800,1,1,1,1,6,280,LE GRAND MOUTON,M,4685139.0,-200869.0,850
201600002456,16,6,12,1215,1,1,1,2,1,47,LA PETITE SORLIERE,M,4686207.0,-179454.0,850
201600002457,16,6,21,630,1,1,1,2,6,102,RUE DU ROSAIRE,M,4683817.0,-165414.0,850
201600002458,16,6,28,1645,1,1,1,1,1,280,LES HERAUDS,M,4686229.0,-199565.0,850
201600002459,16,7,30,1600,1,2,6,1,3,47,rond point CHARBONNEL,M,4685300.0,-187800.0,850
201600002460,16,8,13,1500,1,1,1,1,4,47,Pont Habert,M,4685536.0,-189641.0,850
201600002461,16,8,28,2345,3,1,1,1,1,47,La Romangerie,M,4685708.0,-182114.0,850
201600002462,16,9,19,530,3,1,1,1,1,210,Le Gué à Chaud,M,4682024.0,-161608.0,850
201600002463,16,11,18,945,1,1,1,2,1,24,LA POINIERE,M,4693722.0,-184342.0,850
201600002464,16,8,7,715,2,2,1,1,6,113,rue des roches cougnères,M,4671546.0,-236277.0,850
201600002465,16,1,13,745,5,1,6,2,3,52,,M,4660192.0,-165443.0,850
201600002466,16,3,17,2330,3,1,1,1,6,211,LA GUINERIE,M,4662838.0,-157959.0,850
201600002467,16,4,15,930,1,1,1,1,6,118,La Marolière,M,4666814.0,-159407.0,850
201600002468,16,4,29,2200,3,1,1,8,7,250,BEL AIR,M,4656606.0,-167610.0,850
201600002469,16,8,20,725,1,1,1,1,6,214,Les Portes d'Olonne,M,4652891.0,-171583.0,850
201600002470,16,8,27,1155,1,1,1,1,3,112,,M,4656847.0,-176566.0,850
201600002471,16,8,31,1315,1,1,1,1,6,211,Bourdigal,M,4660772.0,-156241.0,850
201600002472,16,9,13,1700,1,2,1,2,6,112,51 rue des Aubépines,M,4656626.0,-176944.0,850
201600002473,16,12,20,945,1,1,1,5,5,211,,M,4662032.0,-160176.0,850
201600002474,16,9,8,1415,1,2,2,1,1,163,RUE DE LA FONTAINE,M,4700316.0,-223595.0,850
201600002475,16,10,2,1200,1,1,1,1,3,83,Rue Mon Repos/RD38,M,4698283.0,-226612.0,850
201600002476,16,1,28,1945,3,1,1,1,7,226,Les Bardonneries,M,4673321.0,-195028.0,850
201600002477,16,2,27,15,3,1,1,1,6,226,,M,4679500.0,-197400.0,850
201600002478,16,3,22,1615,1,1,1,1,3,35,LES FONTAINES,M,4664735.0,-184010.0,850
201600002479,16,5,16,1920,1,2,1,1,6,243,RUE DU CHAPONNET,M,4660551.0,-183324.0,850
201600002480,16,8,22,2000,1,1,1,1,6,226,107 route du Pissot,M,4674023.0,-195338.0,850
201600002481,16,8,25,940,1,1,1,1,2,35,D38 / Rue Chalonnière,M,4664027.0,-187895.0,850
201600002482,16,9,1,1630,1,2,3,1,3,70,r Geolettes-r Gué Gorand,M,4669619.0,-176418.0,850
201600002483,16,9,5,1530,1,1,1,1,6,226,Av de la Pège,M,4674088.0,-200266.0,850
201600002484,16,9,29,1745,1,2,3,1,3,35,5 rue du Petit Fief,M,4662517.0,-185753.0,850
201600002485,16,10,17,1845,1,1,6,8,3,226,,M,4672779.0,-194870.0,850
201600002486,16,10,30,200,3,1,1,1,1,243,Ch du Bois de la Touche,M,4659951.0,-181516.0,850
201600002487,16,10,30,1700,1,2,1,1,1,226,Giratoire de l'Europe,M,4670999.0,-196790.0,850
201600002488,16,12,5,300,3,2,1,1,7,226,avenue de la pège,M,4674064.0,-200423.0,850
201600002489,16,12,19,1830,5,2,1,5,6,35,avenue de la plage,M,4662788.0,-185915.0,850
201600002490,16,12,26,1730,5,2,1,2,1,226,285 ESPLANADE DE LA MER,M,4677331.0,-205510.0,850
201600002491,16,12,27,1315,1,1,2,1,3,268,CARREFOUR DE L'ESPERANCE,M,4670517.0,-186033.0,850
201600002492,16,3,31,1315,1,2,6,1,3,18,La Croix Blanche,M,4691555.0,-204662.0,850
201600002493,16,5,6,915,1,1,1,1,6,172,LA JALONNIERE,M,4683406.0,-199169.0,850
201600002494,16,5,16,2225,3,1,1,1,6,18,LE BRIN,M,4690392.0,-205645.0,850
201600002495,16,5,19,1930,1,2,1,1,6,221,13 rue de la Marne,M,4690043.0,-198903.0,850
201600002496,16,8,9,1030,1,2,1,1,3,234,Chemin de la Roussière,M,4679009.0,-204208.0,850
201600002497,16,8,31,1545,1,2,3,1,3,221,RUE DU HARAS,M,4690246.0,-200225.0,850
201600002498,16,8,31,1815,1,2,1,1,6,18,LA PETILLIERE,M,4691509.0,-205266.0,850
201600002499,16,8,10,1830,1,1,1,1,6,18,,M,4692115.0,-210394.0,850
201600002500,16,9,8,2145,3,1,1,1,6,234,Rte Grande Borderie,M,4683352.0,-208888.0,850
201600002501,16,10,19,1745,1,1,1,1,3,29,La Moleine,M,4695554.0,-201542.0,850
201600002502,16,5,31,930,1,1,1,1,5,288,,M,4645508.0,-159864.0,850
201600002503,16,1,16,1715,1,1,1,1,3,22,Rue de la Moulinette,M,4642608.0,-142301.0,850
201600002504,16,1,25,745,2,1,1,1,6,77,Rue du Calvaire,M,4645406.0,-130455.0,850
201600002505,16,3,18,915,1,2,1,1,3,114,rue du général de Gaulle,M,4641519.0,-157149.0,850
201600002506,16,5,3,2115,3,1,6,1,3,156,,M,4648963.0,-144380.0,850
201600002507,16,6,4,1645,1,1,1,1,3,288,LES  MAGNARDS,M,4647992.0,-159319.0,850
201600002508,16,6,28,1530,1,2,1,1,6,127,RUE DE L'OCEAN,M,4641504.0,-157687.0,850
201600002509,16,7,2,745,1,1,1,1,3,288,L'ILE BERNARD,M,4645241.0,-159023.0,850
201600002510,16,7,12,1445,1,1,1,1,6,116,20 RUE DES ERONCES,M,4642470.0,-138794.0,850
201600002511,16,7,13,1045,1,2,1,1,6,10,6 RUE GEORGES CLEMENCEAU,M,4646956.0,-149486.0,850
201600002512,16,8,16,415,3,1,1,1,6,288,1454 AVENUE DE LA MINE,M,4644958.0,-168578.0,850
201600002513,16,8,18,2330,5,2,1,1,6,127,670 av  doct. Joussemet,M,4638823.0,-148095.0,850
201600002514,16,8,25,1800,1,1,1,1,7,22,,M,4640765.0,-143793.0,850
201600002515,16,9,30,2315,3,1,1,2,6,206,,M,4645967.0,-134420.0,850
201600002516,16,9,30,1600,1,1,1,2,4,156,Les Rabretières,M,4646902.0,-142129.0,850
201600002517,16,10,18,845,1,2,1,7,2,4,21 route de Longeville,M,4640636.0,-141332.0,850
201600002518,16,10,31,2100,5,2,1,1,2,288,rue du chateau,M,4646542.0,-161567.0,850
201600002519,16,2,29,1430,1,1,3,1,3,122,RD 211,M,4472073.0,-74356.0,330
201600002520,16,8,29,1700,1,2,1,1,1,56,13 RUE POMMEAU DELILLE,M,4490787.0,-63184.0,330
201600002521,16,1,23,200,3,1,1,2,6,498,,M,0.0,0.0,330
201600002522,16,3,1,1000,1,2,1,1,6,51,Av cote d'Argent,M,4463902.0,-96537.0,330
201600002523,16,3,31,1815,5,2,5,1,6,284,RD216 VC D802,M,4460237.0,-93720.0,330
201600002524,16,4,17,1315,1,1,1,2,6,284,,M,0.0,0.0,330
201600002525,16,6,6,1715,1,2,2,1,3,19,R.du Port R.Passage Mme,M,4468138.0,-101529.0,330
201600002526,16,6,7,1645,1,2,1,1,5,51,RD3(22 bis Rte des lacs),M,4463633.0,-96585.0,330
201600002527,16,6,28,1715,1,2,1,1,1,51,47 B RAYOND POINCARE,M,4465721.0,-98777.0,330
201600002528,16,8,6,1115,1,2,1,1,3,51,105 AVENUE LIBERATION,M,4464200.0,-99200.0,330
201600002529,16,9,8,1545,1,1,1,1,1,284,RD216,M,0.0,0.0,330
201600002530,16,9,7,1715,1,2,2,1,3,284,Re de cloche/ R MASQUET,M,4461923.0,-93457.0,330
201600002531,16,11,6,1615,1,1,1,1,6,51,CH DE PARADIES,M,4466733.0,-97345.0,330
201600002532,16,12,6,745,1,2,3,1,1,19,D3 / R.HUTTIERS,M,4468903.0,-102052.0,330
201600002533,16,1,14,830,2,2,1,8,6,56,1 rue de la république,M,4490972.0,-63466.0,330
201600002534,16,1,24,600,3,1,1,5,6,312,,M,4495643.0,-55146.0,330
201600002535,16,5,13,1915,1,1,2,1,3,56,Int.Compagnon / Ch Palus,M,4494732.0,-62161.0,330
201600002536,16,6,22,1800,1,1,1,1,2,519,RD 1,M,4491699.0,-67025.0,330
201600002537,16,8,16,515,3,1,1,1,6,519,Chemin du FOIN,M,4492238.0,-70650.0,330
201600002538,16,8,26,1730,1,2,1,1,1,56,rue ST Exupéry,M,4491413.0,-60494.0,330
201600002539,16,9,11,1930,2,2,1,1,1,56,Avenue du 11 novembre,M,4492981.0,-62124.0,330
201600002540,16,10,1,1330,1,2,2,1,3,56,Av DE GAULLE / LECLERC,M,4490745.0,-63950.0,330
201600002541,16,10,27,1600,1,2,1,1,3,56,48 AV 11 NOVEMBRE,M,4490570.0,-62082.0,330
201600002542,16,11,24,845,1,2,1,2,1,312,58 rue landegrand,M,4495776.0,-61294.0,330
201600002543,16,1,11,1615,2,2,3,6,3,236,Carrefour D3 - D3E17,M,4479770.0,-114437.0,330
201600002544,16,7,9,1000,1,1,1,1,1,236,RD106E5,M,4478308.0,-116681.0,330
201600002545,16,7,28,1515,1,2,3,1,7,236,Av RAMIERS & TRUC VERT,M,4472672.0,-120106.0,330
201600002546,16,10,10,430,5,1,1,1,1,236,RD106,M,4468796.0,-123852.0,330
201600002547,16,3,2,1630,1,1,1,2,1,273,,M,0.0,0.0,330
201600002548,16,4,23,645,2,1,1,1,1,422,,M,0.0,0.0,330
201600002549,16,5,10,2100,1,2,1,1,1,422,av de Martignas,M,4481481.0,-77973.0,330
201600002550,16,10,23,630,3,1,1,1,3,422,RD213,M,4483159.0,-83553.0,330
201600002551,16,3,22,1500,1,2,1,1,3,449,Av. Anatole FRANCE ST ME,M,0.0,0.0,330
201600002552,16,6,10,1030,1,2,6,1,3,449,Chemin Lafon,M,4488131.0,-69734.0,330
201600002553,16,7,7,1615,1,2,1,1,2,449,40 rue Blaise Pascal,M,4489432.0,-76664.0,330
201600002554,16,7,31,730,1,1,1,8,6,376,D1215 PR9+20 REEL.,M,4490686.0,-72194.0,330
201600002555,16,8,30,1315,1,2,1,1,1,449,80 Avenue de Capeyron,M,4486563.0,-71365.0,330
201600002556,16,9,10,1,5,2,1,1,6,449,27 Avenue RENE DESCARTES,M,4488723.0,-69624.0,330
201600002557,16,10,6,1130,1,2,2,1,3,449,Av Manet / Av Renoir,M,4487860.0,-69909.0,330
201600002558,16,2,19,900,1,1,2,1,3,280,,M,0.0,0.0,330
201600002559,16,3,18,1745,1,1,1,1,2,47,,M,0.0,0.0,330
201600002560,16,6,24,2330,3,1,1,1,2,339,RD 669,M,0.0,0.0,330
201600002561,16,7,15,1700,1,1,2,1,3,58,Inters RD937 RD133E2,M,4513042.0,-64710.0,330
201600002562,16,7,2,1145,1,1,2,8,3,35,Carref D669 - D133E5,M,4506104.0,-60925.0,330
201600002563,16,12,12,1515,1,1,1,1,6,339,RD669,M,0.0,0.0,330
201600002564,16,2,4,845,1,1,2,1,3,159,Carrefour D137 D136,M,4523947.0,-57145.0,330
201600002565,16,5,14,2300,3,1,1,1,6,351,,M,0.0,0.0,330
201600002566,16,7,17,1445,1,2,1,1,1,389,D18-Av République,M,4529249.0,-61598.0,330
201600002567,16,9,10,1900,1,2,3,1,3,389,Av Pierre MENDES FRANCE,M,4529103.0,-60067.0,330
201600002568,16,9,15,1500,1,2,1,1,6,159,26 route de Marcillac,M,4523117.0,-56744.0,330
201600002569,16,10,6,1545,1,1,1,1,1,267,RD23 PR16+290 réel,M,4527580.0,-50321.0,330
201600002570,16,12,9,2115,5,2,1,1,7,159,route de SAINTES,M,4522929.0,-57346.0,330
201600002571,16,3,19,1800,1,1,1,1,1,233,,M,0.0,0.0,330
201600002572,16,8,16,1830,1,1,1,1,6,272,RN10,M,0.0,0.0,330
201600002573,16,10,11,900,1,1,1,1,2,114,,M,0.0,0.0,330
201600002574,16,12,13,2015,5,1,3,1,6,74,Intersection D157 / D152,M,4520870.0,-42083.0,170
201600002575,16,5,2,1445,1,1,2,1,3,487,D257 et Av Beauvais,M,4495990.0,-48365.0,330
201600002576,16,5,4,1745,1,1,2,1,5,3,D242 R.COMMANDERIE DES T,M,4492176.0,-47605.0,330
201600002577,16,5,8,1915,2,2,1,1,7,3,36 chemin de la vie,M,4494590.0,-48954.0,330
201600002578,16,5,29,1735,1,1,1,1,6,433,RD115 AV VIEUX MOULIN,M,4493020.0,-45131.0,330
201600002579,16,7,7,945,1,2,2,1,6,3,"30, Av.chemin de la vie",M,4494525.0,-46435.0,330
201600002580,16,7,19,2045,1,1,1,1,6,487,RD 115,M,4495533.0,-46254.0,330
201600002581,16,1,10,1815,3,1,1,2,6,49,,M,0.0,0.0,330
201600002582,16,6,26,1845,1,2,1,1,6,483,33 route de cameyrac,M,4490363.0,-38803.0,330
201600002583,16,7,26,1630,1,1,3,1,3,49,D13 / All Forestiere.,M,4487447.0,-39627.0,330
201600002584,16,9,17,530,2,1,1,1,2,49,RN 89,,,,330
201600002585,16,11,2,1115,1,1,1,5,4,49,RN89,M,4488152.0,-35476.0,330
201600002586,16,12,11,1915,5,2,1,1,7,554,RD115E6,M,0.0,0.0,330
201600002587,16,2,7,1945,5,1,1,3,1,454,D220,M,4465327.0,-53277.0,330
201600002588,16,3,18,1900,1,2,1,1,3,213,3 av. Charles De Gaulle,M,0.0,0.0,330
201600002589,16,5,7,615,2,2,1,1,1,448,RD 108,M,4471733.0,-50658.0,330
201600002590,16,5,11,945,1,1,3,1,4,37,D1113 ZI de Calens,M,4469877.0,-46604.0,330
201600002591,16,5,14,945,1,1,1,2,1,213,RD 111,M,4469336.0,-57727.0,330
201600002592,16,5,30,1500,1,1,3,2,3,37,RD 1113 - ZI de Calens,M,4469885.0,-46587.0,330
201600002593,16,7,13,830,1,2,1,1,6,213,RD 108,M,0.0,0.0,330
201600002594,16,8,21,715,2,2,1,1,1,37,RD1113 72 RN 1113,M,4469960.0,-44924.0,330
201600002595,16,9,21,1145,1,2,1,1,6,213,47 av. Charles de Gaulle,M,4468328.0,-52087.0,330
201600002596,16,11,14,900,1,1,1,1,5,474,RD109,M,4465166.0,-46355.0,330
201600002597,16,11,17,715,2,1,9,1,3,23,RD1113 / A62,M,4469399.0,-49570.0,330
201600002598,16,2,14,2230,3,1,1,1,6,505,Pis Cycl R.LAPEBIE,M,4477132.0,-29255.0,330
201600002599,16,5,5,1045,1,1,2,1,3,145,,M,4480439.0,-32906.0,330
201600002600,16,5,10,730,2,1,1,1,6,83,D936 proche arrêt bus,M,4483053.0,-38172.0,330
201600002601,16,7,15,1415,1,1,3,1,2,505,D239 et chemin forestier,M,4477667.0,-29781.0,330
201600002602,16,7,23,1645,1,1,1,1,3,431,"9, Rte de l'Allégret",M,4476576.0,-28396.0,330
201600002603,16,8,28,1745,1,1,1,1,6,33,RD10 - BORDE,M,4472654.0,-44779.0,330
201600002604,16,11,16,730,5,2,3,2,3,140,126 av de l'Entre 2 Mers,M,0.0,0.0,330
201600002605,16,12,21,1015,1,2,1,1,4,363,,M,0.0,0.0,330
201600002606,16,3,4,1915,5,2,1,2,6,165,RD936 27 AV ENTRE 2 MERS,M,4482490.0,-44977.0,330
201600002607,16,12,15,2015,3,1,1,8,1,330,RD115,M,4485660.0,-45365.0,330
201600002608,16,2,3,1315,1,2,1,1,1,80,1004 Av de Toulouse,M,4475080.0,-54830.0,330
201600002609,16,2,2,2130,5,2,1,2,6,238,Av. de Bordeaux,M,4474659.0,-59299.0,330
201600002610,16,5,21,1200,1,1,1,1,6,80,D108,M,4476297.0,-52968.0,330