Num_Acc,an,mois,jour,hrmn,lum,agg,int,atm,col,com,adr,gps,lat,long,dep
201600002611,16,6,23,1345,1,1,1,1,3,501,RD651 - LE PIN,M,4466630.0,-60078.0,330
201600002612,16,8,4,1800,1,2,6,1,2,274,RD214 et RD111E4,M,4471601.0,-54435.0,330
201600002613,16,11,29,1800,3,1,3,1,1,80,RD1113/CH MORELLE,M,4473091.0,-53200.0,330
201600002614,16,12,8,1250,1,2,2,1,3,77,RD219 / RD116,M,4460840.0,-55370.0,330
201600002615,16,12,15,1515,1,1,1,1,1,80,RD111,M,4474786.0,-56009.0,330
201600002616,16,12,20,1215,1,2,1,1,6,501,30 Av Charles de gaulle,M,4465182.0,-59661.0,330
201600002617,16,1,10,1445,1,2,1,3,3,337,lieu-dit couleyre,M,4457384.0,-29381.0,330
201600002618,16,1,14,1100,1,2,1,1,6,40,65 Av de la Libération,M,4464368.0,-32278.0,330
201600002619,16,2,2,915,1,2,2,1,2,7,Av du Général de Gaulle,M,4467830.0,-40320.0,330
201600002620,16,4,4,615,3,1,2,1,3,337,Le Mayne,M,4456875.0,-31901.0,330
201600002621,16,4,19,430,5,2,1,1,6,30,77 AV ARISTIDE BRIAND,M,4461143.0,-31654.0,330
201600002622,16,5,12,1145,1,1,1,1,1,327,RD11,M,4463654.0,-36305.0,330
201600002623,16,7,29,1945,1,1,1,1,6,452,D117,M,4461902.0,-42147.0,330
201600002624,16,8,21,500,4,2,1,1,6,337,RD 1113,M,4458662.0,-29766.0,330
201600002625,16,9,11,30,3,1,1,1,1,334,RD115,M,4470102.0,-41289.0,330
201600002626,16,9,13,1600,1,2,1,2,6,197,22bis Rte de Landiras,M,4454804.0,-49971.0,330
201600002627,16,11,1,1445,1,1,1,1,7,334,RD1113,M,4468476.0,-41245.0,330
201600002628,16,11,16,1645,2,2,3,1,3,30,Inters RD1113 RD118,M,4460942.0,-31388.0,330
201600002629,16,11,18,2330,3,1,4,2,1,334,RD115 / VC Pitres,M,4470085.0,-40407.0,330
201600002630,16,12,20,1630,1,1,3,1,3,205,RD11 / RD117E2,M,4461211.0,-37223.0,330
201600002631,16,1,24,130,3,1,1,5,6,366,Ch de la Rousse,M,4498274.0,-40748.0,330
201600002632,16,4,30,2015,2,1,1,3,3,495,,M,0.0,0.0,330
201600002633,16,5,1,2145,3,1,1,1,2,366,D137,M,4501205.0,-44152.0,330
201600002634,16,6,27,730,1,2,3,1,1,366,167 RUE NATIONALE,M,0.0,0.0,330
201600002635,16,11,12,1,3,1,1,1,6,553,RD133,M,4503011.0,-44044.0,330
201600002636,16,1,14,1915,5,2,2,1,3,227,cours du 14 Juillet,M,4454991.0,-24705.0,330
201600002637,16,1,30,530,5,1,2,1,6,323,,M,4457047.0,-21600.0,330
201600002638,16,2,5,2215,3,1,1,1,7,444,,M,4457700.0,-18000.0,330
201600002639,16,5,15,715,1,1,1,1,6,227,RD10,M,4453719.0,-22744.0,330
201600002640,16,5,31,1830,1,2,1,1,3,227,av. republique,M,4454852.0,-25765.0,330
201600002641,16,8,30,800,1,1,4,1,6,543,Inter RD19 et RD19E6,M,4458991.0,-23679.0,330
201600002642,16,9,5,1200,1,2,1,1,1,111,50 ROUTE DE CASTETS,M,4457340.0,-15053.0,330
201600002643,16,9,28,900,1,2,3,1,3,227,RN524 - R.Condorcet,M,4454663.0,-24369.0,330
201600002644,16,10,11,1730,2,1,1,1,6,227,RD1113,M,4455873.0,-25099.0,330
201600002645,16,10,23,1800,1,2,1,1,5,533,89 Av du 8 mai 1945,M,4455942.0,-26483.0,330
201600002646,16,11,10,1815,3,1,1,2,1,227,,M,4455000.0,-22400.0,330
201600002647,16,3,27,1800,1,1,1,7,1,305,,M,0.0,0.0,330
201600002648,16,8,10,500,3,1,1,1,6,491,RD230 PR40+503 réel,M,4460469.0,10865.0,330
201600002649,16,1,5,1800,5,2,1,3,6,352,5 avenue Mal Foch,M,4458370.0,-4028.0,330
201600002650,16,1,15,1800,5,2,1,1,1,187,RD 1113,M,4458405.0,-9070.0,330
201600002651,16,1,18,1000,1,1,3,3,1,352,RD 668,M,4459473.0,-1940.0,330
201600002652,16,4,3,1900,2,1,1,2,6,72,,M,0.0,0.0,330
201600002653,16,4,29,1930,1,1,1,1,1,352,RD9,M,4459643.0,-4726.0,330
201600002654,16,6,8,1945,1,1,1,1,1,106,D224,M,4455392.0,-16096.0,330
201600002655,16,6,29,2215,3,1,1,1,6,221,RD 1113,M,0.0,0.0,330
201600002656,16,8,20,1645,1,1,3,1,3,87,RD 670 et VC GRAND BARON,M,4464262.0,-6235.0,330
201600002657,16,8,24,1800,1,2,3,1,6,352,Ave du Mal De Lattre De,M,4458239.0,-4474.0,330
201600002658,16,10,4,1700,1,1,1,1,7,352,RD670 PR63+800,M,4460414.0,-4140.0,330
201600002659,16,11,4,1715,2,1,3,1,3,254,RD9 / RD9E6,M,4455011.0,-3464.0,330
201600002660,16,12,7,1915,1,1,1,1,7,21,RD12,M,4450429.0,-13766.0,330
201600002661,16,12,8,1345,1,1,2,1,4,87,RD670 / RD670E8,M,4462952.0,-5938.0,330
201600002662,16,12,14,1915,3,1,1,1,2,294,,M,0.0,0.0,330
201600002663,16,12,26,1845,3,1,1,2,6,250,RD126 PR26+785 réel,M,4463024.0,-866.0,330
201600002664,16,7,12,1115,1,2,1,1,7,547,RD 114 ROUTE DE PRECHAC,M,0.0,0.0,330
201600002665,16,9,17,1100,1,1,1,1,6,26,D211 av pont sur La Nère,M,4448653.0,-44789.0,330
201600002666,16,2,12,1800,1,2,2,8,1,258,LIEU DIT LES MURASSES,M,0.0,0.0,330
201600002667,16,2,13,1800,2,1,2,1,3,275,Carrefour D671-D231,M,4471060.0,-18723.0,330
201600002668,16,3,8,1800,1,2,1,1,7,121,LD 'REDON',M,4473700.0,-19500.0,330
201600002669,16,3,12,1915,3,1,1,1,6,282,,M,0.0,0.0,330
201600002670,16,4,15,1900,1,2,1,3,1,57,Pont de Muret,M,4474805.0,-8314.0,330
201600002671,16,8,21,1830,1,1,2,1,1,379,RD123 & Pis Cyc D803,M,4469242.0,-14594.0,330
201600002672,16,10,20,1015,1,1,1,7,1,129,RD127,M,0.0,0.0,330
201600002673,16,11,11,1000,1,1,1,1,6,482,RD230,M,4468575.0,-10844.0,330
201600002674,16,12,14,1215,1,1,1,1,6,282,RD17,M,4477352.0,-6091.0,330
201600002675,16,1,2,1530,1,2,3,1,3,240,RUE DU ZIC,M,4530197.0,-94244.0,330
201600002676,16,1,8,1530,2,1,2,2,3,300,,M,4524865.0,-100285.0,330
201600002677,16,5,23,2030,2,2,1,1,1,240,59 route de bordeaux,M,4529388.0,-92775.0,330
201600002678,16,6,24,545,1,2,3,1,3,412,1 rte de Boyentran - D4,M,4529108.0,-86455.0,330
201600002679,16,10,5,900,1,1,4,1,1,38,Inters RD103 et RD201,M,0.0,0.0,330
201600002680,16,12,15,900,1,2,2,5,3,55,R.Verdun/Rte.Cardonne,M,4532259.0,-88038.0,330
201600002681,16,1,31,1245,1,2,1,2,6,22,26 route de Margaux,M,4503798.0,-74581.0,330
201600002682,16,2,1,815,2,1,1,2,6,104,LD MACAVIN,M,4498301.0,-82352.0,330
201600002683,16,3,5,1945,2,1,1,8,6,297,RD5,M,0.0,0.0,330
201600002684,16,4,9,245,3,1,6,1,7,22,D1215E1 Le Poteau,M,4500713.0,-77158.0,330
201600002685,16,5,15,1,3,2,1,1,6,220,29 Rte du Port,M,4509717.0,-71076.0,330
201600002686,16,5,17,830,1,1,1,1,7,104,,M,0.0,0.0,330
201600002687,16,6,19,1300,1,1,1,1,6,104,RD 207,M,0.0,0.0,330
201600002688,16,7,1,415,3,1,1,1,6,417,RD 5,M,0.0,0.0,330
201600002689,16,7,2,1030,1,1,3,1,1,248,Route de Donissan,M,4509071.0,-78118.0,330
201600002690,16,8,12,2000,1,1,2,1,3,22,Moulin Tiquetorte Lavoir,M,4504430.0,-74841.0,330
201600002691,16,10,28,815,1,1,1,5,3,22,RD1215E1 VERTESEC,M,4500414.0,-76759.0,330
201600002692,16,12,12,845,1,1,1,1,6,146,RD2,M,0.0,0.0,330
201600002693,16,1,22,1100,1,1,1,3,6,12,Av de Lesclause,M,4498778.0,-68401.0,330
201600002694,16,4,8,2030,2,1,1,1,6,91,D105E2 Ch de Benqueyre,M,4502089.0,-67905.0,330
201600002695,16,5,18,900,1,1,3,2,1,256,D209 et Ch de la Die,M,4499462.0,-59060.0,330
201600002696,16,6,10,1600,1,2,1,1,7,12,59 Av Ligondras D105E1,M,4501007.0,-68381.0,330
201600002697,16,10,30,1800,3,2,1,1,6,322,1052 ALL DES BRUYERES,M,4497533.0,-63917.0,330
201600002698,16,12,23,1915,3,1,2,2,3,322,ALL BALZAC/ALL ST SEURIN,M,4496524.0,-66809.0,330
201600002699,16,7,26,1515,1,1,1,1,6,314,RD205,M,4521023.0,-76970.0,330
201600002700,16,8,31,1300,1,1,3,1,3,424,ch La Borée,M,4514325.0,-81394.0,330
201600002701,16,10,4,2100,3,1,1,1,2,424,RD1215,M,4511576.0,-80843.0,330
201600002702,16,11,5,1845,3,1,1,1,6,125,RD1215,M,4520876.0,-86509.0,330
201600002703,16,1,12,1730,2,1,1,2,1,208,D103E1 Ch de Tousquiron,M,4540063.0,-97519.0,330
201600002704,16,5,26,1730,1,1,1,1,7,538,D201,M,4537956.0,-91656.0,330
201600002705,16,7,27,545,3,2,1,1,7,514,PASSE DE LACLOTTE,M,4548860.0,-113660.0,330
201600002706,16,7,31,1145,1,1,2,1,3,541,Carrefour D1215-D1E4.,M,4541531.0,-103506.0,330
201600002707,16,8,31,1345,1,1,1,1,7,208,Rte de Vensac,M,4540849.0,-99891.0,330
201600002708,16,10,8,1945,5,2,1,1,6,348,chemin de la cave,M,0.0,0.0,330
201600002709,16,11,22,1330,1,1,2,1,3,348,RD1215 / RD1E4,M,4537899.0,-102594.0,330
201600002710,16,3,18,930,1,1,1,2,1,539,D2089,M,4488062.0,-30423.0,330
201600002711,16,3,29,2000,1,2,6,2,3,243,23 AVENUE DE LA ROUDET,M,4492992.0,-24034.0,330
201600002712,16,4,8,1645,1,2,2,1,3,243,AVENUE GEORGES POMPIDOU,M,4493543.0,-23628.0,330
201600002713,16,4,13,1400,1,2,2,1,3,243,R.Président Carnot,M,4491608.0,-24645.0,330
201600002714,16,5,29,130,3,1,1,1,6,328,,M,0.0,0.0,330
201600002715,16,6,13,1230,1,2,1,1,2,243,130 avenue G Pompidou,M,0.0,0.0,330
201600002716,16,8,10,1245,1,2,1,1,6,243,38 avenue de verdun,M,4490948.0,-23693.0,330
201600002717,16,8,19,2000,1,2,3,1,1,539,RD242 E2 / RUE DU PORT,M,4490910.0,-32060.0,330
201600002718,16,9,9,445,5,2,1,1,3,243,16 av. de la Ballastiere,M,4494215.0,-23403.0,330
201600002719,16,10,4,845,1,1,1,1,7,539,RD20,M,4487113.0,-30597.0,330
201600002720,16,11,25,2000,5,2,2,1,1,243,Carrefour D244 D1089,M,4492208.0,-22476.0,330
201600002721,16,1,18,845,1,1,1,2,6,296,D17,M,4482392.0,-4286.0,330
201600002722,16,3,7,2015,3,1,1,1,6,466,RD 121,M,4481547.0,-29686.0,330
201600002723,16,3,9,1800,1,1,1,1,1,194,,M,0.0,0.0,330
201600002724,16,4,1,915,1,1,2,1,6,350,Inters D670 D670E6,M,4476692.0,-11409.0,330
201600002725,16,4,6,930,1,1,2,1,3,194,,M,0.0,0.0,330
201600002726,16,4,6,1815,1,2,1,1,1,466,PERINOT,M,4483065.0,-29189.0,330
201600002727,16,4,24,2015,1,1,3,1,3,86,D121 - LD Contrai,M,4480138.0,-30289.0,330
201600002728,16,5,19,1615,1,2,1,1,2,298,RD18,M,4484287.0,-21654.0,330
201600002729,16,7,11,1830,1,1,2,1,3,460,RD119E2 / Rte VERNEUIL,M,4483268.0,-5320.0,330
201600002730,16,8,4,1730,1,1,1,2,3,421,RD 18,M,4481549.0,-14639.0,330
201600002731,16,9,3,1445,1,1,4,1,1,298,RD18 LD GENNEQUIN,M,4483488.0,-20961.0,330
201600002732,16,9,28,1630,1,1,2,1,3,196,RD128 / VC Jacquet,M,4479981.0,-20697.0,330
201600002733,16,10,28,1745,1,2,1,1,1,194,lieu dit Payorgue,M,4482734.0,-19633.0,330
201600002734,16,11,29,1930,3,1,1,1,6,257,,M,0.0,0.0,330
201600002735,16,2,11,730,2,1,1,2,1,437,,M,0.0,0.0,330
201600002736,16,8,8,1945,1,2,1,7,3,437,17 avenue de l'europe,M,4485445.0,-5438.0,330
201600002737,16,10,6,1830,1,2,2,1,3,14,Inter D22E2-R.GRAVIERES,M,4497084.0,15901.0,330
201600002738,16,12,19,1130,1,1,1,1,2,394,,M,0.0,0.0,330
201600002739,16,1,4,930,1,2,1,3,1,447,21 Cr Gal de Gaulle,M,4501592.0,-5747.0,330
201600002740,16,1,20,800,5,2,1,2,6,138,20 rue Gambetta,M,4504195.0,-13028.0,330
201600002741,16,1,29,1430,1,2,1,1,3,138,4 AVENUE DE L EUROPE,M,0.0,0.0,330
201600002742,16,3,18,630,5,2,1,2,3,478,26 cours republique,M,0.0,0.0,330
201600002743,16,4,11,1745,1,1,1,1,7,138,,M,0.0,0.0,330
201600002744,16,6,11,1930,1,2,3,1,6,138,R.Vaillant et RD674E4,M,4504480.0,-12233.0,330
201600002745,16,7,9,1545,1,1,1,1,6,385,RD21,M,4507813.0,-920.0,330
201600002746,16,7,25,1615,1,2,1,1,6,138,82 RUE PIERRE BROSSOLETT,M,4503649.0,-13593.0,330
201600002747,16,9,18,2000,2,2,1,1,7,138,20 COUPERIE,M,4502379.0,-11857.0,330
201600002748,16,12,24,100,3,2,1,8,6,1,1 LA CATHELONNE,M,0.0,0.0,330
201600002749,16,1,21,845,1,1,2,1,3,393,Inters D1089 D22E2,M,4496478.0,-17248.0,330
201600002750,16,3,20,1815,1,1,1,1,6,362,,M,4503600.0,-18800.0,330
201600002751,16,6,20,1800,1,1,1,1,7,387,,M,0.0,0.0,330
201600002752,16,9,9,2030,1,2,3,1,1,387,Carref D10 - D133E10,M,4503123.0,-28425.0,330
201600002753,16,10,25,1500,1,1,1,2,1,218,RD133,M,4507294.0,-15367.0,330
201600002754,16,12,4,445,3,1,1,1,7,218,,M,0.0,0.0,330
201600002755,16,6,11,1930,1,2,1,1,6,319,RUE DE L'EGLISE,M,4482085.0,8155.0,330
201600002756,16,6,23,1215,1,1,3,1,3,319,RD130 E6,M,0.0,0.0,330
201600002757,16,7,8,1745,1,1,1,1,3,242,RD 672,M,4478236.0,17514.0,330
201600002758,16,4,29,1815,1,2,1,1,3,259,avenue Jean JaurÃ¿s,M,0.0,0.0,330
201600002759,16,5,6,2045,1,1,1,1,4,174,,M,4492800.0,-26200.0,330
201600002760,16,7,29,1915,1,1,1,1,7,407,D10,M,0.0,0.0,330
201600002761,16,8,9,1800,1,1,1,1,3,295,RD 246,M,4500024.0,-35487.0,330
201600002762,16,8,15,1430,1,1,1,1,7,407,RD 10,M,4501435.0,-34897.0,330
201600002763,16,9,25,1215,1,2,1,1,2,219,AVENUE DU FRONSADAIS,M,0.0,0.0,330
201600002764,16,12,3,1830,5,1,1,1,6,451,RD670,M,0.0,0.0,330
201600002765,16,8,6,1745,1,1,1,1,2,26,LES BORDES,M,4519210.0,82212.0,240
201600002766,16,9,24,245,3,1,1,1,6,115,VERGINAS,M,4527530.0,65732.0,240
201600002767,16,11,9,1845,3,1,2,2,3,94,LES QUATRE ROUTES,M,4506980.0,69067.0,240
201600002768,16,4,13,815,1,1,1,1,6,474,CHARTREAU,M,4540580.0,65736.0,240
201600002769,16,4,18,1745,1,2,1,1,6,2,AVENUE DE LA BEAURONNE,M,4529140.0,75000.0,240
201600002770,16,5,6,945,1,1,1,1,7,64,LA COTE,M,4535490.0,63953.0,240
201600002771,16,5,30,1845,1,1,1,2,6,253,,M,4547050.0,43256.0,240
201600002772,16,6,21,1645,1,2,1,1,6,96,ROUTE DE VILLARS,M,4539080.0,69689.0,240
201600002773,16,7,2,1300,1,1,1,1,7,235,CHEZ L'ABBÉ,M,4539400.0,50390.0,240
201600002774,16,8,13,1130,1,1,1,1,7,2,,M,4529720.0,74578.0,240
201600002775,16,9,16,1815,1,1,1,2,3,79,,M,4542060.0,64841.0,240
201600002776,16,10,16,630,3,1,1,1,7,111,CHAMPREDON,M,4542990.0,63945.0,240
201600002777,16,12,15,545,3,1,3,1,3,129,,M,4536420.0,71745.0,240
201600002778,16,12,14,1915,3,1,1,1,7,2,POULIQUET,M,4527210.0,74922.0,240
201600002779,16,1,9,2330,3,1,1,3,3,309,LE BUT,M,4507260.0,44235.0,240
201600002780,16,1,25,700,5,2,3,1,3,350,AVENUE PASTEUR,M,4516150.0,61065.0,240
201600002781,16,4,18,1815,1,2,1,1,1,442,11 RUE DE PLANEZE,M,4510680.0,46799.0,240
201600002782,16,9,1,1215,1,2,8,1,3,350,,M,4516620.0,60018.0,240
201600002783,16,10,9,1615,1,1,1,1,3,442,LA LANDE,M,4510830.0,50273.0,240
201600002784,16,10,24,1815,2,2,1,2,7,236,GRAVELLE,M,4517270.0,59241.0,240
201600002785,16,10,28,1645,1,1,1,7,6,32,,M,4509180.0,33990.0,240
201600002786,16,11,20,2130,3,1,1,2,6,139,,M,4512940.0,65354.0,240
201600002787,16,12,18,1045,1,1,1,1,2,256,ANTONIAC,M,4517880.0,62057.0,240
201600002788,16,1,10,1615,1,1,1,8,1,25,CHABANETTAS,M,4509130.0,103086.0,240
201600002789,16,1,19,1700,1,1,1,1,6,137,LE CHATEAU DE GLANE,M,4533180.0,95217.0,240
201600002790,16,5,20,945,1,1,1,1,7,473,,M,4519230.0,106039.0,240
201600002791,16,7,25,1630,1,1,1,1,1,4,LES TUILIÈRES,M,4513490.0,103563.0,240
201600002792,16,8,3,1530,1,2,2,1,3,540,LE BOURG,M,4530610.0,87335.0,240
201600002793,16,12,12,1845,3,1,1,1,3,11,ALLÉE DES PLATANES,M,4521280.0,83744.0,240
201600002794,16,3,27,1215,1,1,1,8,6,413,LA FONTAINE DU SANGLIER,M,4490640.0,36131.0,240
201600002795,16,9,10,1745,1,1,1,1,5,487,ROUTE DU FLEIX,M,4485850.0,35177.0,240
201600002796,16,10,10,1730,1,1,3,1,3,222,RUE DU COMMANDANT PINSON,M,4485330.0,38933.0,240
201600002797,16,11,23,715,3,1,1,1,1,182,MONCAZEAU,M,4488790.0,22345.0,240
201600002798,16,12,2,745,2,1,1,1,1,499,ROUTE DE PÉRIGUEUX,M,4488520.0,54307.0,240
201600002799,16,12,27,1500,1,1,1,1,5,77,MAISON NEUVE,M,4495380.0,58339.0,240
201600002800,16,7,12,1030,1,2,2,8,3,68,CARREFOUR D51E-D29,M,4485210.0,91063.0,240
201600002801,16,9,16,845,1,2,7,1,6,273,PLACE DE LA BASTIDE,M,4481200.0,82373.0,240
201600002802,16,12,6,1015,1,1,1,1,6,68,,M,4482570.0,88823.0,240
201600002803,16,5,13,1330,1,1,1,1,6,231,LA GRANDE BORIE DU LAC,M,4470190.0,83922.0,240
201600002804,16,6,11,215,3,1,1,1,6,231,LAC DE VERONE,M,4469620.0,88386.0,240
201600002805,16,5,14,30,3,1,1,1,6,68,LA PLACELLE,M,4486270.0,82919.0,240
201600002806,16,8,26,2230,5,2,1,1,2,566,AVENUE DE CAHORS,M,4483410.0,70279.0,240
201600002807,16,6,13,1600,1,1,2,1,1,181,MAISON NEUVE,M,4475400.0,43408.0,240
201600002808,16,8,21,1845,1,1,1,1,7,532,JEAN BLANC BAS,M,4469060.0,41947.0,240
201600002809,16,7,3,1945,1,1,1,1,1,335,CALON,M,4489530.0,19907.0,240
201600002810,16,7,11,1230,1,1,1,1,1,461,LES PLACES,M,4491500.0,18671.0,240
201600002811,16,9,11,1945,1,1,1,7,1,584,PUYGRENIER,M,4494860.0,3291.0,240
201600002812,16,12,24,1145,1,1,1,2,1,415,LA FON DU BAS,M,4494390.0,18270.0,240
201600002813,16,1,12,1330,1,2,3,2,3,479,LE COUVENT,M,4549070.0,74725.0,240
201600002814,16,1,13,530,3,1,1,9,6,451,MASSONEAU,M,4550910.0,65337.0,240
201600002815,16,11,6,1430,1,1,1,1,7,328,LE PECHER,M,4561060.0,66888.0,240
201600002816,16,11,16,1845,3,1,1,1,1,528,BORD,M,4551960.0,69777.0,240
201600002817,16,12,16,315,3,1,1,9,6,548,LE BUISSON,M,4557770.0,54530.0,240
201600002818,16,1,6,1800,5,2,4,2,3,551,RUE PIERRE BOUILLON,M,4541510.0,91730.0,240
201600002819,16,6,9,1845,1,1,1,1,1,218,LES MEYNIAS,M,4549790.0,109281.0,240
201600002820,16,7,3,1,3,1,1,1,6,95,MAISON ROUGE,M,4548990.0,94415.0,240
201600002821,16,7,23,1030,1,1,1,1,6,9,REZONZAC,M,4535140.0,112514.0,240
201600002822,16,9,14,1615,1,1,1,3,6,133,LE MEYGNAUD,M,4556590.0,97544.0,240
201600002823,16,9,30,1445,1,1,1,1,6,320,ETANG DES CHEVRES,M,4543990.0,121212.0,240
201600002824,16,2,3,2130,3,1,1,1,6,529,LES REVEILLES,M,4519400.0,45892.0,240
201600002825,16,7,6,1815,1,2,1,7,3,352,RUE ANDRÉ CHEMINADE,M,4525380.0,34931.0,240
201600002826,16,7,18,1900,1,1,1,1,1,564,JAVERDHAT,M,4519680.0,27191.0,240
201600002827,16,7,12,1530,1,2,7,1,6,352,PLACE NATIONALE,M,4524680.0,34009.0,240
201600002828,16,7,30,1900,1,1,2,1,3,119,,M,4539380.0,38529.0,240
201600002829,16,8,7,1745,1,1,1,1,7,352,GAYET,M,4523380.0,31764.0,240
201600002830,16,8,28,2130,3,1,2,1,3,455,,M,4519980.0,36723.0,240
201600002831,16,9,16,1145,1,2,1,8,6,553,BOULEVARD CHARLES ROBY,M,4525640.0,50402.0,240
201600002832,16,10,31,1330,1,1,1,1,6,352,LAVERGNE,M,4524300.0,37094.0,240
201600002833,16,10,31,1615,1,1,1,1,1,460,,M,4525520.0,41401.0,240
201600002834,16,12,27,1445,1,1,1,1,5,38,,M,4530340.0,36127.0,240
201600002835,16,1,29,1845,5,2,1,1,6,543,LE BOURG,M,4505150.0,39455.0,240
201600002836,16,2,12,745,5,2,3,3,5,294,D6089,M,4500980.0,16316.0,240
201600002837,16,3,2,1000,1,2,1,1,6,449,18 AVENUE JEAN MOULIN,M,4500930.0,16504.0,240
201600002838,16,5,23,1300,1,1,1,2,5,543,CHABROL,M,4504130.0,38085.0,240
201600002839,16,8,3,1020,1,2,1,1,6,294,RUE THIERS,M,4500990.0,16032.0,240
201600002840,16,8,4,1700,1,1,1,2,1,294,,M,4504410.0,15467.0,240
201600002841,16,8,23,2030,1,1,1,7,1,462,LES JAUNIES,M,4499740.0,35612.0,240
201600002842,16,8,24,1745,1,1,1,1,3,462,RUE DE LA PAIX,M,4503400.0,32876.0,240
201600002843,16,9,13,1045,1,1,1,1,3,449,EYBRARD,M,4499830.0,23399.0,240
201600002844,16,3,8,1500,1,1,2,1,1,294,LA CROIX DE PIERRE,M,4501310.0,11686.0,240
201600002845,16,5,31,1245,1,1,3,1,1,264,,M,4501400.0,10568.0,240
201600002846,16,1,17,1215,1,1,1,1,1,354,BELLEFOND,M,4514050.0,-221.0,240
201600002847,16,1,25,1430,1,1,1,1,7,343,LA MARMISSE,M,4516810.0,8313.0,240
201600002848,16,3,5,545,3,1,1,2,7,82,LA PLANE,M,4485760.0,125562.0,240
201600002849,16,7,2,1145,1,1,1,1,1,255,LE PON DE CAUSSADE,M,4492910.0,114118.0,240
201600002850,16,7,30,1745,1,1,3,1,3,82,LA PLANE,M,4485890.0,125160.0,240
201600002851,16,8,6,1745,1,1,1,1,1,392,LE GRAND BOIS,M,4496420.0,126624.0,240
201600002852,16,2,20,1515,1,1,3,1,3,172,LES COMBARELLES,M,4494490.0,105302.0,240
201600002853,16,5,21,1600,1,1,3,1,1,142,LA PLANQUETTE,M,4483170.0,98063.0,240
201600002854,16,7,9,1000,1,2,1,1,7,67,RUE DE PARIS,M,4491950.0,92666.0,240
201600002855,16,7,26,1115,1,1,1,1,3,172,,M,4492710.0,107902.0,240
201600002856,16,9,2,1530,1,1,1,1,1,552,LA REBEYROLIE,M,4502680.0,109885.0,240
201600002857,16,10,17,1215,1,1,1,1,5,404,LA MARTERIE,M,4500010.0,88090.0,240
201600002858,16,11,18,1900,3,1,1,2,1,356,,M,4506180.0,94531.0,240
201600002859,16,12,3,1945,3,1,1,1,1,443,CHEZ VIGIER,M,4503280.0,106914.0,240
201600002860,16,1,6,945,1,1,1,2,3,312,,M,4354414.0,-149939.0,400
201600002861,16,1,8,1215,1,1,1,1,1,162,,M,4395889.0,-40520.0,400
201600002862,16,2,6,1045,1,1,1,1,7,105,,M,4404306.0,-64252.0,400
201600002863,16,2,19,900,1,1,1,1,1,320,,M,4392404.0,-55731.0,400
201600002864,16,3,27,1515,1,1,1,1,7,164,,M,4410998.0,-32491.0,400
201600002865,16,4,23,1515,1,1,1,3,1,56,,M,4402487.0,-52533.0,400
201600002866,16,5,25,1200,1,1,1,1,6,164,,M,4412850.0,28965.0,400
201600002867,16,6,19,1400,1,1,1,1,1,111,,M,4396826.0,-59541.0,400
201600002868,16,6,22,1815,1,1,1,1,1,274,,M,4392119.0,-62691.0,400
201600002869,16,1,9,2130,3,1,1,1,6,309,,M,4379484.0,-73450.0,400
201600002870,16,1,9,1200,1,1,1,1,6,48,,M,4389631.0,-100431.0,400
201600002871,16,3,4,440,3,1,1,2,7,243,,M,4388868.0,-88011.0,400
201600002872,16,7,12,1150,1,1,1,1,6,67,,M,4385730.0,-81017.0,400
201600002873,16,9,14,1645,1,1,1,1,6,68,,M,4376111.0,-87782.0,400
201600002874,16,2,6,1530,1,1,6,1,3,283,,M,4373826.0,-101643.0,400
201600002875,16,3,21,1715,1,1,1,1,6,314,,M,4365564.0,-110002.0,400
201600002876,16,4,9,315,3,1,1,3,6,125,,M,4365476.0,-109992.0,400
201600002877,16,6,24,2130,2,1,1,2,1,277,,M,4366105.0,-104049.0,400
201600002878,16,7,12,1130,1,1,1,8,4,244,,M,4370427.0,-117564.0,400
201600002879,16,8,7,1630,1,1,6,1,7,283,,M,4374950.0,-100702.0,400
201600002880,16,10,28,1440,1,1,2,1,2,294,"20, route de l' Église d",M,4368639.0,-98203.0,400
201600002881,16,11,13,1035,1,2,1,1,3,202,197 ROUTE DES PYRENEES,M,4369274.0,-100953.0,400
201600002882,16,5,7,600,2,2,1,1,7,65,quai du bouret,M,4365425.0,-143087.0,400
201600002883,16,7,2,1330,1,1,1,1,3,65,,M,4361987.0,-143388.0,400
201600002884,16,7,8,2300,5,2,1,1,7,133,avenue de l'océan,M,4359222.0,-144896.0,400
201600002885,16,7,16,445,3,1,1,1,2,36,,M,4364314.0,-133986.0,400
201600002886,16,7,18,1850,1,2,1,1,3,133,RD 810,M,4358936.0,-142818.0,400
201600002887,16,8,21,1330,1,2,1,1,6,133,2 allée saintonge,M,4359984.0,-146462.0,400
201600002888,16,8,24,500,5,1,1,1,1,36,,M,4364180.0,-134258.0,400
201600002889,16,1,13,1430,1,2,1,1,3,150,260 route de la nasse,M,4387156.0,-131926.0,400
201600002890,16,2,27,1115,1,1,1,3,3,326,,M,4395775.0,-126939.0,400