Num_Acc,an,mois,jour,hrmn,lum,agg,int,atm,col,com,adr,gps,lat,long,dep
201600002891,16,5,19,630,2,1,1,1,6,311,,M,4384585.0,-106947.0,400
201600002892,16,9,7,745,2,1,1,1,6,322,,M,4403676.0,-122200.0,400
201600002893,16,3,21,1455,1,1,1,1,3,308,,M,4368502.0,-90279.0,400
201600002894,16,4,25,1045,1,1,1,1,6,249,,M,4368923.0,-73819.0,400
201600002895,16,6,3,1530,1,1,3,7,3,126,,M,4370479.0,-89871.0,400
201600002896,16,8,21,1845,1,1,2,1,3,2,,M,4359984.0,-146462.0,400
201600002897,16,1,15,2015,3,1,1,2,3,118,,M,4353747.0,-93189.0,400
201600002898,16,1,26,1200,1,2,1,7,3,212,RD817,M,4355891.0,-115051.0,400
201600002899,16,3,26,1315,1,1,1,1,1,212,,M,4359199.0,-114685.0,400
201600002900,16,4,2,1645,1,1,1,1,1,306,,M,4353300.0,-106711.0,400
201600002901,16,5,31,915,1,1,1,1,1,316,,M,4357690.0,-82615.0,400
201600002902,16,6,8,815,1,1,3,1,3,34,,M,4359143.0,-114675.0,400
201600002903,16,6,15,1800,1,1,1,3,6,120,,M,4354075.0,-114183.0,400
201600002904,16,7,10,2000,1,1,3,1,3,211,,M,4361393.0,-118001.0,400
201600002905,16,9,29,1845,1,1,1,1,3,95,,M,4359873.0,-91418.0,400
201600002906,16,1,5,830,2,1,1,2,1,291,,M,4367687.0,-134279.0,400
201600002907,16,3,21,1830,2,1,3,7,1,168,,M,4378257.0,-120845.0,400
201600002908,16,3,27,1900,1,2,1,1,3,284,285  route de bayonne,M,4365665.0,-131332.0,400
201600002909,16,4,26,1415,1,1,1,1,6,168,,M,4379741.0,-123526.0,400
201600002910,16,7,6,1700,1,2,2,1,3,187,D652,M,4384795.0,-135803.0,400
201600002911,16,8,28,2145,5,2,1,2,3,317,avenue de la poste,M,4369008.0,-133324.0,400
201600002912,16,1,15,1930,5,2,1,3,1,312,blv jacques duclos rd810,M,4353354.0,-146089.0,400
201600002913,16,3,28,1445,1,1,1,1,1,209,,M,4358091.0,-145666.0,400
201600002914,16,3,30,745,1,2,1,1,3,312,RD 810,M,4352990.0,-146220.0,400
201600002915,16,5,13,845,1,2,1,1,3,312,RD810 TARNOS,M,4352988.0,-146221.0,400
201600002916,16,7,12,715,2,2,1,2,6,312,boulevard de la yayi,M,4355072.0,-146027.0,400
201600002917,16,7,15,30,3,1,1,1,6,268,,M,4353653.0,-126520.0,400
201600002918,16,7,18,1835,1,1,1,1,3,312,,M,4355547.0,-145515.0,400
201600002919,16,7,27,1710,1,2,1,1,1,273,,M,4352924.0,-138917.0,400
201600002920,16,8,13,850,1,2,1,1,2,312,36 avenue Lénine,M,4354311.0,-146944.0,400
201600002921,16,8,25,2030,2,2,1,1,1,273,11 avenue d'Aquitaine,M,4354196.0,-138991.0,400
201600002922,16,1,5,1810,5,2,1,3,6,46,av du maréchal lyauté,M,4439286.0,-116433.0,400
201600002923,16,3,9,1745,1,2,1,1,6,46,avenue du marais,M,4439800.0,-116609.0,400
201600002924,16,5,11,1145,1,1,2,1,1,46,,M,4442633.0,-116812.0,400
201600002925,16,6,27,1015,1,1,1,1,6,46,,M,4445505.0,-120065.0,400
201600002926,16,7,9,445,3,1,1,1,7,217,,M,4439110.0,-107529.0,400
201600002927,16,7,29,445,2,1,1,1,7,46,,M,4437007.0,-111692.0,400
201600002928,16,7,31,2015,1,1,1,1,6,46,,M,4443057.0,-122423.0,400
201600002929,16,9,28,1615,1,1,1,1,6,287,,M,4450566.0,-106143.0,400
201600002930,16,6,2,2000,1,1,1,1,1,302,,M,4404540.0,-99368.0,400
201600002931,16,8,15,1240,1,1,1,1,6,163,,M,4425738.0,-99117.0,400
201600002932,16,9,23,1000,1,1,1,1,7,303,,M,4410539.0,-90122.0,400
201600002933,16,9,28,1300,1,1,1,1,6,163,,M,4419265.0,-97739.0,400
201600002934,16,5,6,845,1,2,1,1,6,307,562 rue de la gare,M,4432543.0,-57476.0,400
201600002935,16,6,7,1130,1,2,1,1,1,200,190 route de bordeaux,M,4436060.0,-76214.0,400
201600002936,16,8,6,1915,1,1,1,1,7,60,,M,4364180.0,-134258.0,400
201600002937,16,8,12,1430,1,1,1,1,6,295,,M,4435070.0,-85709.0,400
201600002938,16,8,28,245,3,1,1,1,2,227,,M,4432932.0,-77791.0,400
201600002939,16,9,2,1515,1,1,1,1,7,200,,M,4436670.0,-77076.0,400
201600002940,16,3,3,1815,4,1,1,2,1,229,,M,4424993.0,-111703.0,400
201600002941,16,6,26,230,3,1,1,1,6,184,,M,4450058.0,-105859.0,400
201600002942,16,7,6,1715,1,1,3,1,1,229,,M,4424447.0,-113650.0,400
201600002943,16,9,20,1000,1,2,1,7,6,184,avenue de la gare,M,4412009.0,-128173.0,400
201600002944,16,4,15,1530,1,1,1,1,2,26,,M,4377045.0,-55822.0,400
201600002945,16,9,15,1515,1,2,6,1,3,282,RUE DU CASTELLET,M,4375575.0,-57061.0,400
201600002946,16,1,13,1445,1,1,1,1,7,275,,M,4378718.0,-45459.0,400
201600002947,16,3,7,1745,1,1,1,1,1,55,,M,4383994.0,-47271.0,400
201600002948,16,5,11,1045,1,2,1,1,6,80,route des pyrenees,M,4376061.0,-31658.0,400
201600002949,16,5,22,1145,1,1,1,2,1,145,,M,4376748.0,-41788.0,400
201600002950,16,7,31,200,5,2,1,1,6,49,avenue des Pyrénées,M,4377343.0,-36165.0,400
201600002951,16,9,8,1845,1,1,1,1,6,82,,M,4371870.0,-39031.0,400
201600002952,16,9,26,815,1,1,1,1,6,282,,M,4378167.0,-56356.0,400
201600002953,16,4,4,1215,1,1,2,1,3,137,,M,4396558.0,-31496.0,400
201600002954,16,5,17,1530,1,1,1,1,3,158,,M,4405324.0,-7556.0,400
201600002955,16,7,7,1800,1,1,1,1,1,267,,M,4397641.0,-24377.0,400
201600002956,16,7,21,1900,1,1,1,1,3,51,,M,4388588.0,-38372.0,400
201600002957,16,9,12,930,1,1,2,1,3,161,,M,4410283.0,-1485.0,400
201600002958,16,1,1,530,2,1,1,5,6,69,LDT ST JEAN DE VIGOUROUX,M,4421950.0,59077.0,470
201600002959,16,4,2,1415,1,2,1,1,6,293,LDT PRÉZAT,M,4415240.0,70301.0,470
201600002960,16,4,3,1000,1,2,3,1,1,145,N21,M,4412860.0,65971.0,470
201600002961,16,11,26,1545,1,2,6,1,7,209,AVENUE DE CAHORS,M,4421410.0,65140.0,470
201600002962,16,4,26,1900,1,1,3,1,5,40,AV GASCOGNE/CH SARRON,M,4419300.0,55048.0,470
201600002963,16,5,1,2345,3,1,1,1,6,69,D813 (RTE DE CARRERE),M,4422040.0,52860.0,470
201600002964,16,5,18,1915,1,2,9,1,1,225,RUE DU STADE/INTERMARCHÉ,M,4417610.0,55869.0,470
201600002965,16,5,20,1245,1,2,1,1,1,16,ROUTE D'AGEN,M,4414070.0,56134.0,470
201600002966,16,2,25,1915,3,1,3,2,1,4,LDT LE PINARD,M,4427490.0,33543.0,470
201600002967,16,7,7,30,3,1,1,1,6,125,LIEU-DIT TUQUES HAUTES,M,4431870.0,46573.0,470
201600002968,16,8,20,800,1,1,1,2,6,140,LDT SAINT JULIEN,M,4427560.0,63030.0,470
201600002969,16,10,21,1400,1,1,1,1,7,154,,M,4426960.0,52914.0,470
201600002970,16,11,9,900,1,1,1,2,7,38,LIEU-DIT BRUSTIS,M,4432290.0,41778.0,470
201600002971,16,11,21,1000,1,1,3,2,3,4,CARREFOUR D813/D642,M,4429520.0,34222.0,470
201600002972,16,12,10,1145,1,1,1,1,1,190,LDT LA BLANCHE,M,4435540.0,51780.0,470
201600002973,16,12,14,815,2,1,1,9,7,213,,M,4427810.0,50638.0,470
201600002974,16,3,27,1115,1,1,3,1,1,138,RD656 / RD110,M,4427130.0,76916.0,470
201600002975,16,4,9,1815,1,1,1,1,5,75,,M,4430310.0,70022.0,470
201600002976,16,6,11,1200,1,2,1,1,2,138,AVENUE DE LA RÉSISTANCE,M,4428390.0,76113.0,470
201600002977,16,6,28,715,1,1,1,1,1,269,LIEU-DIT JAMET,M,4417260.0,74331.0,470
201600002978,16,6,28,1700,1,1,1,1,1,269,LIEU-DIT MAUNESSE,M,4419100.0,76365.0,470
201600002979,16,7,5,1745,1,1,1,1,3,269,LIEU-DIT BOULET,M,4418930.0,76156.0,470
201600002980,16,7,22,1745,1,1,1,1,1,274,LIEU-DIT LASPEYRES,M,4414430.0,78004.0,470
201600002981,16,8,31,945,1,1,2,1,3,234,LDT MALBES,M,4420510.0,77510.0,470
201600002982,16,11,5,1915,3,1,1,8,7,273,LIEU-DI LAMOUROUX,M,4424960.0,77926.0,470
201600002983,16,11,23,1445,1,1,1,2,1,305,LIEU-DIT LA MOULINE,M,4419670.0,80407.0,470
201600002984,16,12,12,1515,1,1,1,1,7,51,LDT MOUSTET,M,4419420.0,71853.0,470
201600002985,16,1,28,645,5,2,1,1,2,157,AVENUE JEAN JAURES,M,4450590.0,14818.0,470
201600002986,16,1,30,1700,1,1,1,1,1,326,,M,4451930.0,22339.0,470
201600002987,16,2,3,1645,1,1,9,1,3,326,,M,4450290.0,23541.0,470
201600002988,16,2,8,1900,5,2,1,2,2,157,31 AVENUE PIERRE BUFFIN,M,4450300.0,17539.0,470
201600002989,16,2,9,1745,1,2,1,2,2,157,BD MEYNIEL (RUE STADE),M,4450310.0,16215.0,470
201600002990,16,2,16,1800,2,1,1,1,1,326,LDT PERROU,M,4453340.0,23932.0,470
201600002991,16,3,11,2020,3,1,1,1,1,157,,M,4449080.0,14861.0,470
201600002992,16,4,23,1100,1,1,1,1,3,157,81AV HUBERT RUFFE,M,4448520.0,18276.0,470
201600002993,16,5,23,745,1,1,1,1,2,157,FACE SOCIETE ARPOULET,M,4451700.0,12353.0,470
201600002994,16,6,4,1945,1,1,1,1,6,157,RUE GAMBERRA,M,4448490.0,14655.0,470
201600002995,16,7,7,845,1,1,1,1,6,157,LIEU-DI LANARAT,M,4449170.0,14897.0,470
201600002996,16,7,27,1000,1,1,4,1,3,326,LIEU-DIT LA GAZELLE,M,4450540.0,27251.0,470
201600002997,16,8,7,1500,1,2,2,1,2,157,AVENUE JEAN JAURES,M,4450120.0,15876.0,470
201600002998,16,9,13,800,1,1,6,1,3,157,GIRATOIRE LE CASTAING,M,4450920.0,19417.0,470
201600002999,16,9,25,1630,1,1,1,2,7,24,AVENUE BELLE COLLINE,M,4453870.0,14111.0,470
201600003000,16,10,13,1515,1,1,1,1,7,157,LIEU-DIT COUSSAN,M,4448000.0,14488.0,470
201600003001,16,10,21,300,5,1,6,5,7,157,GIRATOIRE DE LANARAT,M,4449280.0,15034.0,470
201600003002,16,10,30,645,3,2,1,5,1,326,MEYSSAN,M,4450300.0,23435.0,470
201600003003,16,11,24,730,5,2,1,2,6,157,RUE JEAN MERMOZ,M,4449950.0,18122.0,470
201600003004,16,11,23,1930,3,1,1,3,7,88,LIEU-DIT PRADÈRES,M,4454090.0,24604.0,470
201600003005,16,12,1,1930,3,1,1,1,3,263,,M,4447130.0,19897.0,470
201600003006,16,12,7,1505,1,1,2,7,3,28,LDT BOURRUT,M,4448120.0,25783.0,470
201600003007,16,12,19,1530,1,1,1,1,1,157,,M,4450780.0,18999.0,470
201600003008,16,3,27,2015,2,2,3,1,3,168,AV JOLIOT CURIE,M,4459940.0,36759.0,470
201600003009,16,7,23,1130,1,1,1,1,3,204,,M,4456890.0,32174.0,470
201600003010,16,9,30,1515,1,1,3,1,2,147,,M,4463170.0,19950.0,470
201600003011,16,10,4,1100,1,2,2,1,6,168,BOULEVARD ARISTIDE BRIAN,M,4460260.0,35914.0,470
201600003012,16,12,20,1745,2,1,3,1,3,290,,M,4464410.0,32952.0,470
201600003013,16,8,8,1315,1,1,1,1,7,244,LDT LALIBERT,M,4436070.0,14048.0,470
201600003014,16,9,4,1530,1,1,2,1,3,191,LDT LAGENESTE,M,4443490.0,7124.0,470
201600003015,16,9,8,1245,1,1,1,1,7,68,,M,4445000.0,3296.0,470
201600003016,16,10,27,1630,1,1,2,1,5,257,RD259/VC202,M,4456190.0,9027.0,470
201600003017,16,1,29,1915,2,1,1,1,7,65,,M,4436800.0,37519.0,470
201600003018,16,1,17,1000,1,1,1,1,7,110,CHE DE GIBRA LDTGARISCON,M,4443560.0,32003.0,470
201600003019,16,12,14,1830,3,1,1,1,5,325,LDT MENJOULET,M,4435820.0,26333.0,470
201600003020,16,12,17,1630,1,2,1,1,6,310,RUE MAXIME BADIE,M,4439120.0,30405.0,470
201600003021,16,3,17,930,1,1,1,1,3,52,LDT PERCASSE,M,4426980.0,28209.0,470
201600003022,16,8,2,1500,1,1,1,1,1,119,,M,4418020.0,2806.0,470
201600003023,16,8,5,1845,1,2,1,1,7,52,LIEU DIT BELLOC,M,4432510.0,8251.0,470
201600003024,16,8,12,1845,1,1,2,1,3,320,LDT LE REY,M,4431840.0,20024.0,470
201600003025,16,10,15,1315,1,1,1,1,6,78,LIEU-DIT ESCASSEFORT,M,4428090.0,30370.0,470
201600003026,16,10,15,1800,1,1,1,1,7,220,,M,4434590.0,22598.0,470
201600003027,16,11,28,815,1,1,2,5,1,250,LIEU-DIT LE CASSE,M,4428970.0,31189.0,470
201600003028,16,6,10,845,1,1,1,1,1,175,LIEU-DIT CALVIAC,M,4450980.0,75519.0,470
201600003029,16,6,25,745,1,1,1,1,6,203,LIEU-DIT CROQUELARDIT,M,4438740.0,79567.0,470
201600003030,16,7,1,2245,5,2,1,1,6,315,LIEU-DIT CAVAILLÉ,M,4443360.0,86043.0,470
201600003031,16,7,8,1900,1,1,3,1,5,291,RD 676 / RD 216,M,4446320.0,72641.0,470
201600003032,16,9,1,1400,1,1,2,1,3,184,LDT LA JONCADE,M,4459630.0,66443.0,470
201600003033,16,2,27,945,1,2,6,1,6,324,D 104 - ST ROCH,M,4463640.0,73970.0,470
201600003034,16,3,20,100,3,1,1,2,7,152,LDT BROUSSE,M,4460220.0,60715.0,470
201600003035,16,6,13,1841,1,1,1,2,6,96,LIEU-DIT CÔTE DE FAUGÈRE,M,4464590.0,63128.0,470
201600003036,16,12,30,2030,3,1,3,1,7,152,LDT LES CARDEYRES,M,4458070.0,60184.0,470
201600003037,16,7,22,2100,2,1,1,2,6,70,LDT LA PRADELLE,M,4447720.0,90617.0,470
201600003038,16,8,16,845,1,2,1,7,6,283,8 AVENUE DE TOURNON,M,4447780.0,94943.0,470
201600003039,16,11,8,930,1,1,1,2,7,17,LDT MOULIN DE LACOSTE,M,4434090.0,79905.0,470
201600003040,16,2,24,1700,1,1,2,8,3,81,,M,4433850.0,62343.0,470
201600003041,16,5,27,1615,1,1,2,1,3,81,LIEU-DIT ROUSSOU,M,4433850.0,62343.0,470
201600003042,16,7,22,2000,2,1,3,3,5,309,RD667 / RD124 MALBOURGET,M,4451230.0,44747.0,470
201600003043,16,8,10,1815,1,1,1,1,5,252,LDT LABRUGNE,M,4439080.0,59422.0,470
201600003044,16,9,9,1200,1,2,6,1,3,252,RENÉ BOUCHON/BLD LA TOUR,M,4439880.0,59137.0,470
201600003045,16,10,22,1100,1,1,2,1,3,81,LIEU-DIT ROUSSOUS,M,4433850.0,62343.0,470
201600003046,16,11,13,1745,2,1,1,8,1,81,LDT PONT DE PIERRE,M,4437780.0,57499.0,470
201600003047,16,11,18,1200,1,2,1,2,6,252,AVENUE JEAN MOULIN,M,4440110.0,59747.0,470
201600003048,16,11,19,1700,2,1,3,2,3,252,AV BORDEAUX/RD911,M,4439050.0,56695.0,470
201600003049,16,1,8,1730,1,2,1,1,6,230,AVENUE D'ASPE,M,4322875.0,-38849.0,640
201600003050,16,8,19,1630,1,2,2,1,3,230,AVENUE D'ASPE,M,4322970.0,-38858.0,640
201600003051,16,9,3,1615,1,1,1,1,1,230,RD 934,M,4319657.0,-38911.0,640
201600003052,16,9,17,1100,1,1,1,2,6,230,RN 134,M,4320355.0,-41430.0,640
201600003053,16,5,22,1615,1,1,1,3,7,230,,M,4317368.0,-39430.0,640
201600003054,16,11,27,1545,1,1,1,1,3,478,CHEMIN DES CRETES,M,4328810.0,-43800.0,640
201600003055,16,12,30,2045,3,1,1,5,5,230,RN 134,M,4323814.0,-39089.0,640
201600003056,16,6,9,1515,1,1,1,1,6,405,RD 943,M,4334651.0,-25437.0,640
201600003057,16,3,23,1745,1,2,1,1,1,511,RD 40,M,4341340.0,-36676.0,640
201600003058,16,12,14,1600,1,1,6,7,2,60,RD 802,M,4332000.0,-45700.0,640
201600003059,16,2,15,1930,5,1,1,1,6,405,,M,4335100.0,-26353.0,640
201600003060,16,4,29,900,1,2,1,1,1,343,RUE DU BOIS JOLI,M,4327800.0,-18400.0,640
201600003061,16,7,4,1100,1,1,1,1,7,227,RD 7,M,4336497.0,-20216.0,640
201600003062,16,9,18,600,3,1,1,1,1,216,RD 940,M,4325005.0,-17237.0,640
201600003063,16,9,30,1715,1,2,1,1,3,472,ROUTE DE MAUCOR,M,4337435.0,-30322.0,640
201600003064,16,10,25,1800,1,2,1,1,3,419,RUE DU BOURG,M,4326950.0,-21181.0,640
201600003065,16,10,29,800,3,2,1,1,2,59,RD 817,M,4328033.0,-23833.0,640
201600003066,16,12,10,1715,2,1,1,1,6,238,RD 817,M,4324819.0,-8956.0,640
201600003067,16,1,15,2045,3,1,1,8,6,302,RD 145,M,4321135.0,-21654.0,640
201600003068,16,1,22,1000,1,2,2,2,3,138,31 RUE DU BOIS,M,4324061.0,-27801.0,640
201600003069,16,3,21,1345,1,1,1,1,6,498,RD 512,M,4316614.0,-17406.0,640
201600003070,16,5,12,1230,1,1,1,1,6,23,RD 38,M,4324515.0,-25440.0,640
201600003071,16,6,27,1000,1,1,1,1,3,302,,M,0.0,0.0,640
201600003072,16,8,5,915,1,1,1,1,6,453,CHEMIN DE MEYRACQ,M,4319963.0,-10658.0,640
201600003073,16,8,31,1130,1,1,1,1,1,270,RD 35,M,4314475.0,-24011.0,640
201600003074,16,9,22,1030,1,2,1,1,3,339,RD 937,M,4312351.0,-20652.0,640
201600003075,16,12,5,815,1,1,1,1,3,453,RD 940,M,4318454.0,-12261.0,640
201600003076,16,12,8,1515,1,1,1,1,6,109,RUE DU GABIZOS,M,4318657.0,-21226.0,640
201600003077,16,1,3,445,3,1,1,1,6,180,RD 16,M,4355684.0,-22007.0,640
201600003078,16,1,24,615,3,1,1,2,6,374,,M,4343625.0,-48250.0,640
201600003079,16,4,16,1100,1,1,1,1,5,234,RD 946,M,4352118.0,-47919.0,640
201600003080,16,4,22,1945,1,1,1,1,7,70,RD 39,M,4343559.0,-31351.0,640
201600003081,16,6,21,730,2,1,1,1,3,560,RD 40,M,4346425.0,-38678.0,640
201600003082,16,9,13,1000,1,1,1,1,1,523,RD 42,M,4345574.0,-26597.0,640
201600003083,16,9,23,1800,1,1,1,1,2,415,RD 206,M,4339540.0,-32340.0,640
201600003084,16,9,24,1845,1,1,1,1,6,180,RD 16,M,4355876.0,-23494.0,640
201600003085,16,11,2,1430,1,1,1,1,6,70,,M,4344489.0,-32460.0,640
201600003086,16,11,5,1500,1,2,9,1,6,63,PARKING CARREFOUR CONTAC,M,4353634.0,-41027.0,640
201600003087,16,2,28,1045,1,1,1,8,3,407,,M,4348520.0,-144102.0,640
201600003088,16,6,30,1800,1,1,1,1,1,407,RD 936,M,4346250.0,-140643.0,640
201600003089,16,10,18,1530,1,1,1,1,3,100,CHEMIN DE MENDIBISTA,M,4343321.0,-150760.0,640
201600003090,16,1,8,1900,3,1,1,2,5,161,RD 19,M,4350938.0,-111174.0,640
201600003091,16,6,14,1215,1,1,1,1,1,256,RD 21,M,4343469.0,-132255.0,640
201600003092,16,8,9,1430,1,1,1,1,3,250,RD 261,M,0.0,0.0,640
201600003093,16,8,26,1630,1,1,1,1,1,256,RD 22,M,4337904.0,-134142.0,640
201600003094,16,8,28,1900,1,2,1,1,3,476,RD 251,M,4332655.0,-121086.0,640
201600003095,16,2,14,1215,1,1,1,6,1,527,RD 88,M,4335360.0,-147347.0,640
201600003096,16,2,24,845,1,2,1,1,3,65,RUE ERNEST FOURNEAU,M,4334660.0,-162223.0,640
201600003097,16,2,28,330,5,1,2,2,3,65,,M,4336210.0,-163675.0,640
201600003098,16,4,6,1700,1,1,1,1,6,495,RD 3,M,4334544.0,-155189.0,640
201600003099,16,5,4,945,1,1,1,1,3,504,CHEMIN DE GALZAGORRI,M,4329997.0,-156880.0,640
201600003100,16,8,20,1730,1,2,1,1,3,9,RD 855,M,4340261.0,-157470.0,640
201600003101,16,9,2,1745,1,1,1,1,3,495,,M,4331772.0,-30275.0,640
201600003102,16,9,13,1715,1,1,1,3,5,9,CHEMIN LARRE LUZEA,M,4341581.0,-157500.0,640
201600003103,16,10,8,1600,1,1,1,1,1,9,RD 655,M,4341547.0,-157491.0,640
201600003104,16,12,7,1030,1,1,1,1,1,504,CHEMIN DE L'USINE,M,4330500.0,-156600.0,640
201600003105,16,12,18,1445,1,2,1,1,3,495,RUE CHARLES CAMI,M,4334800.0,-152600.0,640
201600003106,16,2,6,1430,1,2,1,1,6,558,CHEMIN DE HARIAGARAYA,M,4343290.0,-143882.0,640
201600003107,16,3,14,1915,2,2,1,1,3,255,CHEMIN ARTOENIA,M,4338000.0,-142200.0,640
201600003108,16,4,23,2345,3,2,1,1,1,38,ROUTE D'ARCANGUES,M,4344013.0,-151941.0,640
201600003109,16,5,13,600,3,1,1,2,2,547,RD 932,M,4340973.0,-146964.0,640
201600003110,16,6,5,1130,1,2,1,1,1,213,CD 918 BORDACHARRIA,M,4334779.0,-143743.0,640
201600003111,16,6,12,630,1,1,1,1,6,38,RD3,M,4343183.0,-151360.0,640
201600003112,16,6,21,900,1,2,1,7,3,547,CD255,M,4343190.0,-155120.0,640
201600003113,16,6,25,1700,1,1,1,1,1,100,RD 3,M,4344500.0,-151654.0,640
201600003114,16,9,6,200,5,2,1,1,7,213,KAMINOKO PATARA,M,4334190.0,-144218.0,640
201600003115,16,9,29,1215,1,1,1,1,1,279,,M,4331661.0,-140355.0,640
201600003116,16,10,23,1445,1,1,1,1,7,317,RD 918,M,4335514.0,-142131.0,640
201600003117,16,10,29,1215,1,1,1,1,3,547,,M,4334200.0,-157400.0,640
201600003118,16,11,8,1630,1,1,1,2,1,547,RD 932,M,4341625.0,-147869.0,640
201600003119,16,12,19,1800,5,2,6,2,3,527,RD 918,M,4334071.0,-147301.0,640
201600003120,16,12,28,1615,1,2,3,1,3,160,RD10 allée de Neubourg,M,4336000.0,-139600.0,640
201600003121,16,5,22,2030,1,1,1,3,6,303,RD 918,M,4310512.0,-85455.0,640
201600003122,16,7,16,2045,1,2,1,1,6,371,RD 918,M,4321121.0,-89456.0,640
201600003123,16,2,10,1315,1,1,1,3,7,538,RD 933,M,4315020.0,-125337.0,640
201600003124,16,2,13,1230,1,2,1,7,3,297,CD 933,M,4319220.0,-116510.0,640
201600003125,16,8,26,1630,1,1,1,1,3,477,RD 949,M,4318259.0,-138915.0,640
201600003126,16,9,17,1130,1,1,1,2,3,66,RD 918,M,4318753.0,-125252.0,640
201600003127,16,10,27,730,5,2,1,1,6,477,RD 948,M,4317983.0,-133968.0,640
201600003128,16,11,20,1245,1,2,1,1,6,66,RD 15,M,4316817.0,-126088.0,640
201600003129,16,2,2,1215,1,1,1,8,1,436,,M,4321030.0,-128023.0,640
201600003130,16,3,17,900,1,1,1,1,1,368,,M,4339300.0,-109700.0,640
201600003131,16,3,26,1230,1,1,1,1,5,493,BOUL SAINT MADELEINE,M,4332693.0,-103542.0,640
201600003132,16,4,13,2115,3,1,1,1,1,285,RD 933,M,4325063.0,-106345.0,640
201600003133,16,7,21,1600,1,1,1,1,7,425,RD 123,M,4339423.0,-116629.0,640
201600003134,16,7,29,1845,1,1,1,1,7,51,RD 11,M,4342884.0,-110208.0,640
201600003135,16,8,6,1030,1,2,1,1,2,436,RD 918,M,4323211.0,-129928.0,640
201600003136,16,12,30,1030,1,1,1,1,7,539,RD 933,M,4327611.0,-102601.0,640
201600003137,16,5,20,1915,1,2,1,1,3,422,AVENUE DU 19 MARS 1962,M,4317995.0,-64003.0,640
201600003138,16,6,8,1615,1,2,1,1,3,64,RN 134,M,4312214.0,-61352.0,640
201600003139,16,7,17,915,1,1,1,1,5,409,RD 936,M,4323428.0,-66731.0,640
201600003140,16,8,27,2200,2,2,1,1,6,422,RUE DALMAIS,M,4319095.0,-60686.0,640
201600003141,16,10,2,1130,1,1,1,1,6,422,CHEMIN DU GABARN,M,4318342.0,-58024.0,640
201600003142,16,12,15,1615,1,2,1,1,6,252,avenue d'aspe,M,4317100.0,-60300.0,640
201600003143,16,7,3,1615,1,1,1,1,7,136,LIEU DIT BEZIAT,M,4287625.0,-57670.0,640
201600003144,16,12,21,1700,1,1,1,1,6,136,RN 134,M,4291552.0,-57497.0,640
201600003145,16,6,12,1730,1,1,1,1,5,320,RD 934,M,4301164.0,-42277.0,640
201600003146,16,8,5,2300,3,1,1,1,7,529,RD 936,M,4331271.0,-76798.0,640
201600003147,16,2,8,1245,1,1,1,1,6,312,,M,4344720.0,-82991.0,640
201600003148,16,4,18,1645,1,1,1,1,6,135,RD 46,M,4353667.0,-78519.0,640
201600003149,16,7,1,15,5,2,1,1,7,430,234 RUE PIERRE BEREGOVOY,M,4348075.0,-75436.0,640
201600003150,16,8,12,1530,1,2,1,1,1,286,RD 947,M,4345313.0,-77459.0,640
201600003151,16,8,23,1115,1,2,1,1,6,430,PLACE BROSSERS,M,4348838.0,-77253.0,640
201600003152,16,12,5,1715,2,2,1,1,2,430,1 ROUTE DE BAYONNE,M,4348986.0,-78919.0,640
201600003153,16,2,3,1215,1,1,1,2,3,83,,M,4339110.0,-96821.0,640
201600003154,16,8,28,130,3,1,1,1,6,96,RD 936,M,4338440.0,-89931.0,640
201600003155,16,4,14,1815,1,2,9,2,3,62,D20,M,0.0,0.0,860
201600003156,16,5,22,230,3,1,1,8,6,222,,M,0.0,0.0,860
201600003157,16,9,2,1230,1,2,1,1,2,62,RD910,M,0.0,0.0,860
201600003158,16,9,14,2200,5,2,1,2,6,115,62 AVENUE DE BORDEAUX,M,4667802.0,37902.0,860
201600003159,16,12,27,1515,1,1,1,1,3,222,,M,0.0,0.0,860
201600003160,16,3,16,800,1,1,1,1,1,45,,M,0.0,0.0,860
201600003161,16,7,20,845,1,1,1,8,5,53,,M,4673400.0,18700.0,860
201600003162,16,10,30,2030,3,1,1,1,7,89,,M,0.0,0.0,860
201600003163,16,11,17,1330,1,1,1,2,7,160,,M,0.0,0.0,860
201600003164,16,11,28,1445,1,1,1,1,6,30,,M,0.0,0.0,860
201600003165,16,12,9,1845,5,2,6,1,3,177,ROUTE DE CLAN,M,0.0,0.0,860
201600003166,16,12,14,1815,3,2,1,1,3,281,36 route de poitiers,M,4672870.0,30371.0,860
201600003167,16,2,23,745,1,1,1,2,6,94,,M,0.0,0.0,860
201600003168,16,3,6,1030,1,2,1,1,3,290,rue des bosquets,M,4645540.0,36880.0,860
201600003169,16,3,27,900,1,1,1,1,6,105,VC 3 ROUTE DE CHIRE,M,4643390.0,42925.0,860
201600003170,16,4,15,715,2,1,1,8,6,103,,M,0.0,0.0,860
201600003171,16,5,16,2030,1,2,1,1,6,290,11 chemin du bois vert,M,4645310.0,36750.0,860
201600003172,16,6,20,1015,1,1,1,1,6,10,,M,0.0,0.0,860
201600003173,16,7,7,1800,1,2,1,1,2,38,19 route de la Viguerie,M,4635590.0,46338.0,860