Num_Acc,an,mois,jour,hrmn,lum,agg,int,atm,col,com,adr,gps,lat,long,dep
201600004069,16,6,17,1615,1,1,1,2,7,178,,M,0.0,0.0,460
201600004070,16,7,19,1500,1,2,1,1,1,178,C2,M,4481642.0,146309.0,460
201600004071,16,7,20,1515,1,1,2,1,3,127,,M,4476084.0,141092.0,460
201600004072,16,10,16,1530,1,1,1,1,6,169,,M,4471081.0,130456.0,460
201600004073,16,7,26,1815,1,2,1,1,6,127,D12,M,4472943.0,137541.0,460
201600004074,16,7,24,800,1,1,1,1,6,114,,M,4459836.0,115239.0,460
201600004075,16,7,30,1845,1,1,1,1,7,184,,M,4464643.0,115987.0,460
201600004076,16,9,16,1500,1,1,1,3,1,127,,M,4471773.0,135777.0,460
201600004077,16,9,18,700,2,1,1,8,6,241,,M,4480549.0,141007.0,460
201600004078,16,9,26,1200,1,1,1,1,1,66,,M,4463944.0,121908.0,460
201600004079,16,11,14,1045,1,1,1,1,7,127,,M,0.0,0.0,460
201600004080,16,12,5,1945,3,1,1,1,1,113,,M,4462141.0,148972.0,460
201600004081,16,12,13,1345,1,2,1,1,6,127,boulevard mainiol,M,4473708.0,138433.0,460
201600004082,16,12,22,1445,1,1,1,2,3,127,,M,4471061.0,133118.0,460
201600004083,16,1,4,2045,3,1,1,2,5,18,,M,4472379.0,167162.0,460
201600004084,16,1,24,2330,3,1,1,1,6,128,,M,0.0,0.0,460
201600004085,16,6,15,945,1,1,1,8,5,204,,M,0.0,0.0,460
201600004086,16,6,22,1315,1,1,1,1,6,59,,M,0.0,0.0,460
201600004087,16,10,27,1730,1,2,1,1,6,128,06 RUE DE LA PAIX,M,4477838.0,172477.0,460
201600004088,16,2,6,1830,2,1,1,1,6,208,,M,4487087.0,164292.0,460
201600004089,16,3,22,2030,3,1,1,1,7,232,,M,4498827.0,163394.0,460
201600004090,16,6,15,1345,1,1,1,1,1,330,,M,4494783.0,169133.0,460
201600004091,16,7,14,1800,1,2,3,1,3,309,60 avenue de Sarlat,M,4489377.0,147036.0,460
201600004092,16,8,14,1500,1,1,1,1,1,145,,M,4490676.0,151048.0,460
201600004093,16,9,22,1145,1,2,1,1,6,309,place de la nau,M,4489449.0,147698.0,460
201600004094,16,11,12,1715,2,1,1,1,1,330,,M,4494705.0,168853.0,460
201600004095,16,12,22,1445,1,1,1,2,3,298,,M,4501573.0,161359.0,460
201600004096,16,12,31,1615,1,1,1,1,1,145,,M,0.0,0.0,460
201600004097,16,8,29,2115,3,1,1,1,7,232,,M,4499046.0,165205.0,460
201600004098,16,6,6,815,1,2,3,1,1,62,route de toulouse,M,4320450.0,12329.0,650
201600004099,16,6,18,615,2,1,1,2,6,292,,M,4324910.0,-11428.0,650
201600004100,16,7,13,2015,1,1,1,1,6,108,,M,4328949.0,9388.0,650
201600004101,16,7,19,1400,1,1,1,1,6,221,,M,4313590.0,9979.0,650
201600004102,16,9,22,1715,1,1,2,1,1,340,,M,4327855.0,10916.0,650
201600004103,16,9,28,1715,1,1,1,1,1,280,,M,4313550.0,-6962.0,650
201600004104,16,11,17,445,3,1,1,1,6,7,,M,4329870.0,6807.0,650
201600004105,16,4,1,2215,3,1,1,1,6,129,,M,4331180.0,52330.0,650
201600004106,16,4,24,2230,5,2,6,1,6,129,rond point Carolle,M,4329390.0,51627.0,650
201600004107,16,8,31,1845,1,1,1,1,7,97,,M,4319610.0,37431.0,650
201600004108,16,9,5,2015,2,1,1,1,6,260,,M,4332100.0,32584.0,650
201600004109,16,10,13,800,2,2,1,1,6,183,Rue de l'Astarac,M,4322830.0,41052.0,650
201600004110,16,1,6,1815,3,1,1,8,6,161,,M,4333130.0,12914.0,650
201600004111,16,8,10,1130,1,2,1,1,6,222,12 Rue des pyrénées,M,4314760.0,16535.0,650
201600004112,16,6,6,1615,1,2,1,1,2,304,615 route de Bordeaux,M,4347220.0,2636.0,650
201600004113,16,9,4,1130,1,1,2,1,3,460,,M,4338670.0,7684.0,650
201600004114,16,3,14,1830,2,1,1,1,3,20,,M,4309900.0,2174.0,650
201600004115,16,3,26,845,1,1,1,1,1,40,,M,4306500.0,-4320.0,650
201600004116,16,4,23,415,3,1,1,1,6,473,,M,4294830.0,-6059.0,650
201600004117,16,12,8,745,2,2,1,1,6,29,D918 - PK 18.950,M,4299457.0,-12329.0,650
201600004118,16,12,6,1300,1,1,1,1,1,98,,M,4300550.0,-8091.0,650
201600004119,16,8,5,1530,1,2,1,1,6,138,3 avenue du mamelon vert,M,4288850.0,-11513.0,650
201600004120,16,7,31,1300,1,1,1,5,7,188,,M,4272140.0,-4947.0,650
201600004121,16,12,27,445,5,2,1,1,6,295,20 avenue de barèges,M,4287230.0,-183.0,650
201600004122,16,12,31,355,5,2,1,1,6,295,rue de la forge,M,4287240.0,-510.0,650
201600004123,16,3,9,1545,1,1,2,3,3,320,,M,4312880.0,11534.0,650
201600004124,16,6,20,1630,1,1,1,1,6,123,,M,4297870.0,23967.0,650
201600004125,16,6,23,1030,1,2,1,1,1,328,4 ROUTE DE LA CROIX BLAN,M,4307320.0,6881.0,650
201600004126,16,6,23,1700,1,1,1,1,5,147,,M,4313790.0,22545.0,650
201600004127,16,7,11,1450,1,1,1,1,7,78,,M,4303150.0,16649.0,650
201600004128,16,7,25,915,1,2,2,1,3,198,CARREFOUR BEDAT,M,4306050.0,15846.0,650
201600004129,16,11,2,730,1,1,1,1,6,198,,M,4304790.0,19776.0,650
201600004130,16,12,14,1430,1,2,1,1,3,328,D26,M,4307660.0,6940.0,650
201600004131,16,1,22,2030,5,2,1,3,6,258,712 rue du 8 mai 1945,M,4311490.0,38394.0,650
201600004132,16,2,18,2000,5,2,1,2,6,258,378 rue du tir,M,4311762.0,38125.0,650
201600004133,16,3,7,1445,1,2,1,2,6,258,"499, rue de l'hippodrome",M,4311050.0,39796.0,650
201600004134,16,3,29,1900,1,2,1,1,1,258,RD 817 PK 10+600,M,4311960.0,41026.0,650
201600004135,16,5,19,1615,1,2,3,1,3,258,430 rue du 08 mai 1945,M,4311720.0,38328.0,650
201600004136,16,7,25,815,1,1,1,1,1,258,,M,4309340.0,39026.0,650
201600004137,16,7,30,1415,1,2,6,1,3,69,giratoire D929/D938,M,4307909.0,38080.0,650
201600004138,16,12,7,2030,3,1,1,1,6,258,,M,4311880.0,41701.0,650
201600004139,16,12,13,1445,1,1,1,7,1,94,,M,4306310.0,43530.0,650
201600004140,16,6,22,1515,1,1,1,1,6,92,,M,4294751.0,37424.0,650
201600004141,16,6,28,1115,1,2,3,1,7,31,D 929,M,4289710.0,35321.0,650
201600004142,16,10,7,1700,1,2,1,1,6,388,rue de soulan,M,4281970.0,32261.0,650
201600004143,16,3,14,730,1,1,1,1,7,277,,M,4399380.0,226946.0,810
201600004144,16,4,19,1700,1,2,1,1,5,230,RUE DE LA MAIRIE - D103,M,4404320.0,217888.0,810
201600004145,16,4,1,1530,1,1,1,1,1,250,,M,4376730.0,213874.0,810
201600004146,16,6,15,1100,1,1,1,1,6,288,,M,4343850.0,208490.0,810
201600004147,16,9,9,1030,1,1,1,1,1,120,,M,4354530.0,227854.0,810
201600004148,16,11,9,1225,1,1,9,1,5,251,RN126,M,4355770.0,208825.0,810
201600004149,16,11,29,240,3,1,1,1,6,54,EN TOULZE,M,4357770.0,214570.0,810
201600004150,16,12,12,1000,1,1,1,7,3,62,RD 622,M,4368550.0,260136.0,810
201600004151,16,2,19,1045,1,1,1,1,6,280,,M,4407500.0,207003.0,810
201600004152,16,7,26,2015,1,1,1,1,3,101,,,,,810
201600004153,16,9,25,2015,3,1,1,8,3,319,,M,4399560.0,204687.0,810
201600004154,16,5,23,1445,1,1,1,1,1,147,,M,4382340.0,218542.0,810
201600004155,16,2,5,2115,3,1,1,1,6,308,,M,4401320.0,235695.0,810
201600004156,16,9,21,815,1,1,1,1,1,8,,M,4412200.0,216726.0,810
201600004157,16,1,18,1315,1,1,6,1,6,74,,M,4392500.0,221900.0,810
201600004158,16,1,30,1515,1,2,1,1,6,10,GARCEVAL,,,,810
201600004159,16,3,8,1845,1,1,1,1,1,317,,M,4389780.0,231215.0,810
201600004160,16,3,26,1030,1,1,1,1,3,247,,M,4393970.0,237878.0,810
201600004161,16,1,31,1,4,1,1,6,6,105,,M,4377760.0,199197.0,810
201600004162,16,7,15,800,1,2,1,1,3,105,D631 PK 24.300,M,4375820.0,195540.0,810
201600004163,16,11,3,1130,1,1,1,1,1,105,LIEU DIT ESCORS,M,4378290.0,200342.0,810
201600004164,16,4,10,1645,1,1,1,1,1,62,,M,4366430.0,255566.0,810
201600004165,16,1,3,1830,5,2,6,2,6,140,AVENUE PIERRE FABRE,M,4369400.0,181732.0,810
201600004166,16,2,19,645,5,1,1,1,6,271,,,,,810
201600004167,16,2,26,1015,1,1,2,1,4,92,,M,4372280.0,192725.0,810
201600004168,16,3,22,615,2,2,1,1,6,140,CHARLES DE GAULLE,,,,810
201600004169,16,3,26,1545,1,2,1,1,6,271,AVENUE RHIN ET DANUBE,,,,810
201600004170,16,3,24,1730,1,2,6,1,7,70,AVENUE RHIN ET DANUBE,M,4377370.0,168598.0,810
201600004171,16,4,13,1130,1,1,1,3,3,298,,M,4362810.0,170047.0,810
201600004172,16,5,12,1900,2,1,1,1,6,92,,M,4367660.0,194775.0,810
201600004173,16,7,30,2000,1,2,1,1,6,140,ALLÉ JEAN JAURES,,,,810
201600004174,16,8,13,15,5,2,1,1,6,140,ROUTE DE CARAMAN,M,4369060.0,181716.0,810
201600004175,16,9,26,2115,5,2,1,1,6,140,LIEU DIT PONT D'AMBRES,M,4372390.0,182223.0,810
201600004176,16,1,4,1100,1,1,1,8,6,177,,M,4369930.0,221311.0,810
201600004177,16,3,4,1600,1,1,1,1,3,182,,M,4372980.0,230650.0,810
201600004178,16,1,13,1630,1,1,1,1,3,78,,M,4369940.0,200172.0,810
201600004179,16,9,15,845,1,1,2,1,3,99,,M,4391700.0,187500.0,810
201600004180,16,1,13,1430,1,1,1,1,4,294,,M,4384380.0,193476.0,810
201600004181,16,1,28,1400,1,2,1,1,6,99,RUE DE LA MADELEINE,M,4390230.0,189769.0,810
201600004182,16,10,23,600,3,1,1,1,2,93,A 68,M,4388500.0,199462.0,810
201600004183,16,10,30,1200,1,1,1,1,6,99,LIEU DIT BOUDAC - RD 964,M,4394610.0,188407.0,810
201600004184,16,3,8,1715,1,1,1,1,1,131,,M,4389140.0,200379.0,810
201600004185,16,11,20,615,3,1,1,1,6,117,RD 964 PK 43 - 800,M,4378150.0,198916.0,810
201600004186,16,12,13,800,1,1,1,5,5,46,PK 54+700,M,4388780.0,197892.0,810
201600004187,16,12,11,1150,1,1,1,5,7,46,LES COTEAUX DE LA PEYRE,M,4385840.0,196880.0,810
201600004188,16,12,18,1620,1,1,1,7,6,41,D 964 PR 23+322,M,4394480.0,188445.0,810
201600004189,16,4,17,1015,1,1,6,8,1,99,,M,4390510.0,185602.0,810
201600004190,16,12,24,2015,3,1,9,2,5,93,A68 - PK 59,M,4389910.0,203213.0,810
201600004191,16,6,3,2030,1,2,1,1,7,99,880 CHEMIN DE REYSSAC,,,,810
201600004192,16,8,30,715,1,1,1,1,3,99,,M,4394380.0,191295.0,810
201600004193,16,1,9,2200,5,2,1,1,1,89,Av de la table de pierre,M,0.0,0.0,690
201600004194,16,2,11,1845,5,2,1,2,6,89,Chemin du torey,M,0.0,0.0,690
201600004195,16,5,18,900,1,2,1,1,5,69,1 Avenue Edouard Millaud,M,0.0,0.0,690
201600004196,16,5,23,1800,1,2,1,1,6,89,avenue table de pierre,M,0.0,0.0,690
201600004197,16,6,11,1,5,2,1,2,6,89,9 route de pont de chêne,M,0.0,0.0,690
201600004198,16,6,30,830,1,2,1,1,3,89,33 avenue du chater,M,4574500.0,477300.0,690
201600004199,16,7,11,530,2,2,6,1,7,69,avenue edouard millaud,M,4575100.0,474200.0,690
201600004200,16,8,12,1215,1,2,1,1,6,69,29 Avenue Edouard Millau,M,0.0,0.0,690
201600004201,16,10,30,200,3,2,1,1,6,69,33 rue des pierres blanc,M,4575241.0,471390.0,690
201600004202,16,11,4,1730,2,2,1,1,6,69,127 avenue Pierre Dumont,M,4574733.0,471829.0,690
201600004203,16,11,18,1621,1,2,1,2,1,89,65 Grande Rue,M,4573665.0,476421.0,690
201600004204,16,12,5,2245,5,2,1,9,6,89,65 Grande Rue,M,4573665.0,476421.0,690
201600004205,16,1,1,2106,5,2,2,1,6,408,12 avenue europe,M,4956432.0,364187.0,20
201600004206,16,1,11,810,2,2,1,2,6,408,37 rue SCHEFFER,M,4956618.0,363495.0,20
201600004207,16,2,16,1800,1,2,1,1,6,408,60 rue victor basselet,M,4957382.0,362501.0,20
201600004208,16,2,23,1345,1,1,1,1,4,28,,,,,20
201600004209,16,3,22,931,1,2,9,1,6,408,ROMANETTE (RUELLE),M,4954836.0,361491.0,20
201600004210,16,10,4,450,3,1,3,1,3,408,RN2,M,4954150.0,359621.0,20
201600004211,16,3,31,945,1,2,3,3,3,408,1 rue de la huree,M,4956753.0,363420.0,20
201600004212,16,5,4,1750,1,2,2,1,3,408,"19, GALLET (RUE JACQUES)",M,4957526.0,363392.0,20
201600004213,16,5,17,1724,1,2,2,1,3,408,2 rue des minimes,M,4957507.0,365025.0,20
201600004214,16,6,18,1410,1,2,6,1,6,408,"1, BOURDAN (RUE PIERRE)",M,4956891.0,364686.0,20
201600004215,16,6,22,1320,1,1,1,1,4,408,RN2,,,,20
201600004216,16,7,31,1006,1,2,1,1,6,408,11 rue du bourg,M,4956445.0,362009.0,20
201600004217,16,6,23,1900,1,2,2,1,3,408,"35, FERE (ROUTE DE LA )",M,4957413.0,359477.0,20
201600004218,16,7,20,1730,1,1,2,1,3,408,RD 1044,,,,20
201600004219,16,9,21,1800,1,2,3,1,3,408,"13, VOLTAIRE (RUE)",M,4957837.0,365457.0,20
201600004220,16,9,30,1250,1,2,6,1,3,408,CARNOT (AVENUE),M,4956832.0,362393.0,20
201600004221,16,10,5,2315,5,2,4,1,7,408,1014 rue victor basselet,M,4957441.0,361869.0,20
201600004222,16,10,15,1730,1,1,2,1,3,408,RN2,M,4954150.0,359613.0,20
201600004223,16,10,26,1815,1,2,1,1,2,408,rue nestor grehant,M,4956957.0,360346.0,20
201600004224,16,10,22,920,1,1,1,5,2,408,RN2,M,4956791.0,365958.0,20
201600004225,16,11,3,820,1,2,1,1,3,408,"52, BASSELET (RUE VICTOR",M,4957364.0,362543.0,20
201600004226,16,11,28,1725,2,2,1,1,6,408,"89, PASTEUR (RUE)",M,4956175.0,363266.0,20
201600004227,16,12,10,1800,5,2,1,1,6,408,avenue charles de gaulle,M,4956932.0,364443.0,20
201600004228,16,1,2,1145,1,1,2,2,3,320,,M,4405600.0,190950.0,810
201600004229,16,4,10,1815,1,1,1,1,3,64,,M,4396840.0,173835.0,810
201600004230,16,8,9,1245,1,1,1,1,6,146,,M,4405850.0,200227.0,810
201600004231,16,10,2,1100,1,1,1,2,6,217,,M,4399120.0,170437.0,810
201600004232,16,1,24,1830,3,1,1,1,1,202,,M,4380980.0,184617.0,810
201600004233,16,5,14,1315,1,1,1,1,1,220,,M,4384730.0,178689.0,810
201600004234,16,5,25,1230,1,1,1,1,3,145,,M,4388920.0,182156.0,810
201600004235,16,7,9,1000,1,1,1,1,7,220,,M,4382670.0,171103.0,810
201600004236,16,7,31,1530,1,2,2,1,3,202,RUE DE BRAUCOL,M,4380020.0,182688.0,810
201600004237,16,8,25,2015,2,1,1,1,6,178,,M,4391390.0,157842.0,810
201600004238,16,6,10,815,1,2,1,1,6,120,7 AV. GÉNÉRAL DE GAULLE,M,4354090.0,226623.0,810
201600004239,16,12,29,1230,1,1,3,1,2,50,RN 126 - PK 19,M,4358030.0,183629.0,810
201600004240,16,5,20,1845,1,1,2,1,1,142,,M,4351970.0,207243.0,810
201600004241,16,5,29,515,2,2,1,2,6,76,AVENUE DE CASTRES,M,4356820.0,188921.0,810
201600004242,16,6,7,1745,1,1,1,1,5,219,,M,4357020.0,197095.0,810
201600004243,16,6,3,1115,1,1,1,1,6,219,,M,4359250.0,195985.0,810
201600004244,16,7,29,1930,1,1,2,1,1,100,,M,4348010.0,200854.0,810
201600004245,16,9,27,1130,1,1,1,1,6,219,,,,,810
201600004246,16,12,10,1120,1,1,1,7,3,219,EN GAMEL,M,4361320.0,202782.0,810
201600004247,16,12,18,805,1,1,1,5,1,219,RD 92,M,4356310.0,199564.0,810
201600004248,16,3,13,2015,3,1,1,1,7,177,,M,0.0,0.0,820
201600004249,16,7,19,1215,1,1,1,1,2,112,,M,0.0,0.0,820
201600004250,16,11,10,1745,2,1,1,2,1,45,,M,0.0,0.0,820
201600004251,16,11,23,1930,3,1,1,1,1,165,,M,0.0,0.0,820
201600004252,16,1,29,1230,1,1,1,1,6,40,,M,0.0,0.0,820
201600004253,16,2,5,1715,1,2,1,7,6,37,4 avenue edouard Herriot,M,0.0,0.0,820
201600004254,16,3,14,400,3,1,1,1,6,110,,M,0.0,0.0,820
201600004255,16,3,15,1815,1,2,1,1,6,37,44 boulevard Didier Rey,M,0.0,0.0,820
201600004256,16,6,5,1715,1,2,1,1,6,37,50 boulevard herriot,M,0.0,0.0,820
201600004257,16,6,13,1430,1,1,1,2,6,195,,M,0.0,0.0,820
201600004258,16,7,8,845,1,1,1,1,1,37,Route de St Martin,M,4414819.0,157420.0,820
201600004259,16,7,18,2345,3,1,1,1,7,131,,M,0.0,0.0,820
201600004260,16,9,26,1015,1,1,1,1,1,126,3 ROUTE DU CAUSSE,M,0.0,0.0,820
201600004261,16,10,23,2315,3,1,1,1,6,159,,M,0.0,0.0,820
201600004262,16,11,12,2030,3,1,1,2,6,37,Lieu-Dit Teulary,M,4419736.0,159303.0,820
201600004263,16,11,14,1045,1,1,1,1,7,131,,M,0.0,0.0,820
201600004264,16,2,18,1530,1,1,1,1,7,176,,M,0.0,0.0,820
201600004265,16,7,16,2330,3,1,2,1,3,134,,M,0.0,0.0,820
201600004266,16,7,20,1245,1,1,1,1,3,132,,M,0.0,0.0,820
201600004267,16,7,19,800,1,2,6,1,7,161,chemin de bonhomme,M,0.0,0.0,820
201600004268,16,7,29,1630,1,1,1,1,3,134,,M,0.0,0.0,820
201600004269,16,8,21,930,1,1,1,1,6,161,,M,0.0,0.0,820
201600004270,16,8,29,1745,1,1,1,7,6,26,,M,0.0,0.0,820
201600004271,16,9,15,1900,1,2,1,1,6,134,29 rue marcellin viguier,M,0.0,0.0,820
201600004272,16,9,28,1730,1,1,1,1,6,66,,M,0.0,0.0,820
201600004273,16,10,16,2015,3,1,1,2,6,134,,M,0.0,0.0,820
201600004274,16,12,31,1800,3,1,1,5,6,69,,M,0.0,0.0,820
201600004275,16,4,18,1300,1,1,1,1,6,147,,M,0.0,0.0,820
201600004276,16,4,24,1615,1,1,1,1,6,147,,M,0.0,0.0,820
201600004277,16,5,15,745,1,1,1,1,6,155,,M,0.0,0.0,820
201600004278,16,6,22,1630,1,1,1,1,6,137,,M,0.0,0.0,820
201600004279,16,7,10,815,3,1,1,1,6,155,,M,0.0,0.0,820
201600004280,16,2,21,1330,1,1,1,1,7,55,,M,0.0,0.0,820
201600004281,16,5,3,730,3,1,1,1,7,180,,M,4392600.0,101699.0,820
201600004282,16,7,20,2100,2,1,1,1,6,102,,M,0.0,0.0,820
201600004283,16,1,15,2015,3,1,3,1,3,27,,M,4389500.0,131800.0,820
201600004284,16,2,24,600,3,1,1,1,6,79,,M,4391800.0,134800.0,820
201600004285,16,3,10,930,1,1,1,1,3,79,1130 route de Campsas,M,4392000.0,135100.0,820
201600004286,16,3,12,1845,1,2,3,1,3,79,rues pyrénées et rajol,M,4392000.0,135900.0,820
201600004287,16,4,28,815,1,1,1,1,3,79,231 RUE DE LA PAIX,M,4392300.0,137000.0,820
201600004288,16,5,17,1715,1,2,1,1,6,75,RUE FRANCOIS FAGERE,M,4383000.0,129800.0,820
201600004289,16,6,4,2300,3,1,1,1,6,48,,M,0.0,0.0,820
201600004290,16,7,16,815,1,2,1,1,1,167,route d'Albi,M,0.0,0.0,820
201600004291,16,9,21,2100,2,2,1,1,6,75,route de fronton,M,0.0,0.0,820
201600004292,16,10,25,2030,3,1,1,1,3,79,,M,0.0,0.0,820
201600004293,16,11,10,1015,1,1,1,1,3,79,,M,0.0,0.0,820
201600004294,16,12,8,1730,1,1,1,1,3,75,,M,4380969.0,128962.0,820
201600004295,16,12,19,1730,2,1,1,2,3,79,,M,4394200.0,135800.0,820
201600004296,16,12,20,1830,3,1,1,1,1,28,,M,4385600.0,129500.0,820
201600004297,16,3,6,130,3,1,1,1,6,22,,M,4426000.0,97100.0,820
201600004298,16,5,4,730,1,1,1,1,7,117,,M,4433200.0,101400.0,820
201600004299,16,6,25,1700,1,1,1,1,6,42,,M,0.0,0.0,820
201600004300,16,8,28,1530,1,1,1,1,3,94,,M,4427200.0,114200.0,820
201600004301,16,10,5,1830,1,1,1,1,6,117,,M,0.0,0.0,820
201600004302,16,2,18,1845,3,1,1,1,1,12,,M,0.0,0.0,820
201600004303,16,4,6,2000,2,2,1,1,2,112,19 Avenue du chasselas,M,0.0,0.0,820
201600004304,16,5,22,1830,1,1,1,9,6,19,,M,0.0,0.0,820
201600004305,16,7,16,1430,1,1,1,1,3,169,,M,0.0,0.0,820
201600004306,16,7,25,730,1,2,6,1,2,112,cote des lievres giratoi,M,4411633.0,110588.0,820
201600004307,16,8,2,1730,1,2,1,1,6,96,19 route de choisi,M,0.0,0.0,820
201600004308,16,8,14,1300,1,1,1,1,6,127,,M,0.0,0.0,820
201600004309,16,8,16,1645,1,2,1,1,7,112,Lieu Dit l'espagnette,M,0.0,0.0,820
201600004310,16,8,25,1045,1,1,1,1,2,152,,M,0.0,0.0,820
201600004311,16,9,2,230,3,1,1,1,6,101,,M,0.0,0.0,820
201600004312,16,9,4,115,3,1,1,1,6,86,,M,0.0,0.0,820
201600004313,16,9,23,300,3,1,1,1,6,96,,M,0.0,0.0,820
201600004314,16,11,2,715,2,1,1,5,3,63,,M,4399437.0,107470.0,820
201600004315,16,11,14,1345,1,2,6,1,3,112,giratoire RD 118 - RD101,M,4410388.0,111333.0,820
201600004316,16,12,3,1415,1,2,1,1,3,112,3053 route de laujol,M,4410400.0,103699.0,820
201600004317,16,3,10,1015,1,1,1,1,6,43,,M,0.0,0.0,820
201600004318,16,3,14,1830,1,1,1,1,3,125,,M,0.0,0.0,820
201600004319,16,3,26,745,1,1,1,1,7,105,,M,0.0,0.0,820
201600004320,16,3,26,900,1,1,1,1,7,178,,M,0.0,0.0,820
201600004321,16,4,9,1830,1,2,1,2,3,52,faubourg TUTET,M,0.0,0.0,820
201600004322,16,4,24,1515,1,1,1,1,3,125,,M,0.0,0.0,820
201600004323,16,8,16,2000,1,1,1,1,6,25,,M,0.0,0.0,820
201600004324,16,10,9,2000,1,1,1,1,6,125,,M,0.0,0.0,820
201600004325,16,10,18,915,1,1,1,5,3,25,,M,4394070.0,130306.0,820
201600004326,16,10,23,830,2,1,1,1,7,25,,M,0.0,0.0,820
201600004327,16,12,14,800,2,1,1,5,7,123,1035 route de Salcevert,M,4391649.0,129148.0,820
201600004328,16,12,27,1615,1,1,1,1,1,124,,M,4401700.0,130000.0,820
201600004329,16,2,6,2130,3,1,1,1,6,141,,M,0.0,0.0,820
201600004330,16,6,7,1330,1,1,1,1,7,32,,M,0.0,0.0,820
201600004331,16,7,6,30,3,1,1,1,7,141,,M,0.0,0.0,820
201600004332,16,7,23,900,1,1,1,1,6,72,,M,0.0,0.0,820
201600004333,16,8,7,1015,1,2,1,1,6,186,avenue Marceau Hamecher,M,4409000.0,87800.0,820
201600004334,16,10,24,2215,5,2,1,2,6,72,route de coustalettes,M,4412069.0,85959.0,820
201600004335,16,10,27,1945,3,1,1,1,1,165,,M,0.0,0.0,820
201600004336,16,3,15,1830,1,1,1,1,6,127,,M,0.0,0.0,690
201600004337,16,4,25,1630,1,2,1,1,6,72,Chemin du dodin,M,0.0,0.0,690
201600004338,16,8,18,1630,1,1,1,1,3,250,,M,4582000.0,472700.0,690
201600004339,16,11,10,825,1,2,1,2,6,127,Avenue Marcel Mérieux,M,4578089.0,470578.0,690
201600004340,16,11,13,1925,3,1,1,2,4,72,Route Départementale 489,M,4583050.0,474299.0,690
201600004341,16,11,18,1600,1,1,1,2,4,72,"PK 542,80 Route National",M,4583164.0,474302.0,690
201600004342,16,12,8,850,1,2,1,1,3,127,Avenue de Lacroix Laval,M,4578168.0,470669.0,690
201600004343,16,12,14,1045,1,1,1,5,7,72,60 route de la la tour d,M,4582447.0,474085.0,690
201600004344,16,12,20,1840,5,2,1,1,1,244,48 CHEMIN FELIX FINAY DU,M,4575729.0,474865.0,690
201600004345,16,12,23,755,4,2,1,1,3,72,5 Route du Paisy,M,4580563.0,476809.0,690
201600004346,16,12,28,1215,1,1,1,1,4,72,"RN 6, face au 54",M,4581439.0,474667.0,690
201600004347,16,1,12,715,5,2,1,1,6,117,route nationale 6,M,0.0,0.0,690
201600004348,16,1,22,1900,5,2,1,2,6,117,90 RD 306,M,0.0,0.0,690
201600004349,16,2,3,1915,5,1,1,1,6,40,,M,0.0,0.0,690
201600004350,16,2,10,1815,2,2,1,2,6,116,Avenue du gnl DE GAULLE,M,0.0,0.0,690
201600004351,16,2,26,1615,1,1,1,1,6,55,,M,0.0,0.0,690
201600004352,16,3,3,2300,5,2,1,2,1,116,AV DU GENERAL DE GAULLE,M,0.0,0.0,690
201600004353,16,3,10,700,1,2,1,1,2,59,Route de Lyon,M,4586200.0,471300.0,690
201600004354,16,3,11,1715,1,1,1,1,6,194,,M,4579900.0,480400.0,690
201600004355,16,3,22,1645,1,2,1,1,6,59,route de marcilly,M,0.0,0.0,690
201600004356,16,4,29,1600,1,2,1,1,6,40,avenue d'Ecully,M,0.0,0.0,690
201600004357,16,5,19,1315,1,1,6,2,3,117,,M,0.0,0.0,690
201600004358,16,5,27,1815,1,1,1,1,3,116,,M,4583800.0,476600.0,690
201600004359,16,7,1,1200,1,1,1,1,2,59,,M,4586100.0,470700.0,690
201600004360,16,7,18,900,1,2,1,1,3,116,RN 306,M,0.0,0.0,690
201600004361,16,7,29,2000,1,2,1,1,6,40,8 avenue du Général de G,M,0.0,0.0,690
201600004362,16,8,20,1545,1,1,1,8,3,49,,M,0.0,0.0,690
201600004363,16,9,10,1900,1,1,1,1,1,116,,M,0.0,0.0,690
201600004364,16,1,22,1515,1,2,1,1,2,143,Pont de Neuville RD16,M,0.0,0.0,690
201600004365,16,3,5,1930,5,1,1,1,6,143,,M,0.0,0.0,690
201600004366,16,3,11,1530,1,1,1,1,1,233,,M,0.0,0.0,690
201600004367,16,4,22,1515,1,2,1,1,1,143,montee du parc,M,0.0,0.0,690
201600004368,16,5,9,1645,1,2,1,2,1,163,les forgettes,M,0.0,0.0,690
201600004369,16,5,17,1715,1,2,1,1,3,233,quai de charezieux,M,0.0,0.0,690
201600004370,16,6,2,515,2,1,6,1,6,207,,M,0.0,0.0,690
201600004371,16,6,28,1630,1,1,1,1,1,284,,M,4589400.0,488300.0,690
201600004372,16,7,5,1415,1,1,1,1,1,284,,M,0.0,0.0,690