Num_Acc,an,mois,jour,hrmn,lum,agg,int,atm,col,com,adr,gps,lat,long,dep
201600004373,16,7,31,745,1,1,1,1,1,278,,M,0.0,0.0,690
201600004374,16,10,4,820,1,2,1,1,4,68,quai G?n?ral De Gaulle,M,4584694.0,483180.0,690
201600004375,16,10,14,745,2,2,1,3,2,3,quai général de Gaulle,M,4586588.0,483434.0,690
201600004376,16,11,4,1630,1,2,1,1,6,143,2 rue bossuet,M,4587086.0,484183.0,690
201600004377,16,11,10,530,5,2,1,2,5,3,quai Général de gaulle,M,4586588.0,483434.0,690
201600004378,16,11,3,1835,3,1,1,1,1,278,route de la source,M,4591274.0,484928.0,690
201600004379,16,11,17,1815,3,1,1,1,6,163,RD 51,M,4591937.0,475868.0,690
201600004380,16,4,29,1800,1,2,1,1,7,204,35 chemin de moly,M,0.0,0.0,690
201600004381,16,8,17,930,1,1,6,7,3,287,,M,4571300.0,505600.0,690
201600004382,16,8,16,1430,1,2,1,1,3,288,avenue Jean MOULIN,M,4569200.0,504700.0,690
201600004383,16,10,2,1530,1,2,1,1,1,277,RUE DE LA FRATERNITE,M,0.0,0.0,690
201600004384,16,11,7,700,1,2,1,1,6,287,RN6 - face enseigne MACD,M,4571049.0,504249.0,690
201600004385,16,12,9,815,1,2,1,1,6,288,Rue Ferdinand Gauthier,M,4568303.0,504978.0,690
201600004386,16,12,29,1735,2,1,1,8,2,281,route de Lyon,M,4564485.0,491013.0,690
201600004387,16,1,8,1245,1,2,1,1,3,273,7 rue Gabriel peri,M,4569000.0,491300.0,690
201600004388,16,1,15,1945,5,2,1,2,6,273,chemin des bruyères,M,0.0,0.0,690
201600004389,16,8,31,1145,1,2,1,1,3,273,Avenue de l'industrie,M,0.0,0.0,690
201600004390,16,2,3,1345,1,1,1,2,1,171,,M,0.0,0.0,690
201600004391,16,2,1,445,3,1,1,2,7,216,,M,0.0,0.0,690
201600004392,16,3,20,500,2,1,1,1,6,21,,M,4579000.0,455600.0,690
201600004393,16,3,26,1215,1,2,6,1,6,10,Rond-point du Martinon,M,0.0,0.0,690
201600004394,16,5,6,800,1,1,6,1,3,177,,M,0.0,0.0,690
201600004395,16,6,23,745,1,1,1,1,1,10,,M,4584400.0,460400.0,690
201600004396,16,7,18,1930,1,1,1,1,1,32,,M,0.0,0.0,690
201600004397,16,8,25,1515,1,1,1,1,6,112,,M,0.0,0.0,690
201600004398,16,9,11,630,5,1,2,1,3,10,,M,0.0,0.0,690
201600004399,16,10,5,1520,1,2,1,1,6,10,96 rue Gabriel P?ri,M,4582993.0,461035.0,690
201600004400,16,10,6,545,5,1,1,9,7,10,route de LOUHANS,M,4582816.0,460666.0,690
201600004401,16,11,28,1750,3,1,1,1,3,208,intersection D118 D76,M,4585580.0,462778.0,690
201600004402,16,11,30,1410,1,2,1,1,6,10,20 rue gabriel péri,M,4583444.0,461536.0,690
201600004403,16,12,4,2200,3,1,1,5,6,231,route de la croix du ban,M,4577606.0,463408.0,690
201600004404,16,12,7,1100,1,2,1,5,6,175,13 rue Pierre Brost,M,4581643.0,457491.0,690
201600004405,16,1,15,2215,3,1,1,4,6,220,,M,4571700.0,447500.0,690
201600004406,16,2,26,800,1,2,1,1,4,178,route de montbrison,M,0.0,0.0,690
201600004407,16,5,21,1215,1,1,1,1,7,31,,M,4575600.0,454500.0,690
201600004408,16,8,5,1000,1,1,1,1,6,220,,M,4575500.0,453600.0,690
201600004409,16,9,3,1700,1,1,1,1,1,67,,M,0.0,0.0,690
201600004410,16,10,1,1515,1,1,1,1,6,99,,M,0.0,0.0,690
201600004411,16,10,12,1755,1,2,3,1,6,31,RUE HUGUES JOSSARD,M,4574666.0,452387.0,690
201600004412,16,4,7,915,1,1,1,1,6,110,,M,0.0,0.0,690
201600004413,16,4,16,1630,1,1,1,1,2,132,,M,0.0,0.0,690
201600004414,16,6,26,600,1,1,1,1,7,78,,M,0.0,0.0,690
201600004415,16,7,9,1300,1,1,1,1,1,95,,M,0.0,0.0,690
201600004416,16,11,1,500,3,1,1,1,6,227,CD 122 LIEU DIT LA GRAND,M,4563006.0,455611.0,690
201600004417,16,4,1,1700,1,2,1,1,1,94,avenue Emile Evellier,M,4575300.0,469500.0,690
201600004418,16,3,26,1545,1,2,1,1,1,28,,M,0.0,0.0,690
201600004419,16,4,10,1000,1,1,1,1,2,255,,M,4573900.0,468200.0,690
201600004420,16,8,17,2000,1,2,1,8,3,28,49 montée de la bernade,M,0.0,0.0,690
201600004421,16,8,21,1945,1,1,1,1,3,154,,M,0.0,0.0,690
201600004422,16,9,29,800,1,2,6,1,6,28,montée de la bernade,M,4572600.0,469900.0,690
201600004423,16,10,1,1900,5,2,1,1,7,28,montée des balmes,M,0.0,0.0,690
201600004424,16,10,1,1230,1,1,9,2,6,94,,M,4575300.0,464700.0,690
201600004425,16,10,7,1849,2,2,1,1,5,28,"CD 30, Montée de la Bern",M,4572258.0,469654.0,690
201600004426,16,10,13,1220,1,1,1,3,6,255,route de Lyon,M,4573435.0,467053.0,690
201600004427,16,10,10,1410,1,2,1,1,2,28,Montée de la Bernade,M,4572268.0,469472.0,690
201600004428,16,11,5,1640,1,1,1,3,1,94,LE PONT RAPAUD,M,4575606.0,469899.0,690
201600004429,16,12,16,705,3,1,1,9,1,249,LA MARTINIÈRE HAUTE,M,4567145.0,459941.0,690
201600004430,16,2,18,2015,3,1,1,1,6,295,,M,0.0,0.0,690
201600004431,16,3,27,700,2,2,1,3,6,291,1060 BURAGO DI MOLGOR,M,0.0,0.0,690
201600004432,16,10,15,1220,1,1,1,2,3,297,D150,M,4559286.0,481277.0,690
201600004433,16,10,20,1500,1,1,1,1,2,296,ROUTE DE FEYZIN,M,4565266.0,484828.0,690
201600004434,16,11,18,1730,5,2,9,1,3,291,1050 Avenue Burago di Mo,M,4563458.0,486453.0,690
201600004435,16,2,26,1715,1,1,1,1,7,148,,M,0.0,0.0,690
201600004436,16,3,15,830,1,1,1,1,1,219,,M,0.0,0.0,690
201600004437,16,5,10,645,2,1,9,2,5,136,,M,4564900.0,474900.0,690
201600004438,16,5,10,1345,1,1,1,1,2,228,,M,0.0,0.0,690
201600004439,16,5,22,1530,1,2,1,1,7,241,54 route de berthoud,M,0.0,0.0,690
201600004440,16,5,24,1100,1,2,1,1,6,141,RUE SERPATON FACE N°19,M,0.0,0.0,690
201600004441,16,6,11,1600,1,1,1,1,1,141,,M,0.0,0.0,690
201600004442,16,6,11,1745,1,1,1,1,3,141,,M,0.0,0.0,690
201600004443,16,6,10,715,1,1,1,7,1,228,,M,0.0,0.0,690
201600004444,16,6,25,1430,1,1,1,1,3,236,,M,4554900.0,465900.0,690
201600004445,16,7,13,1815,1,2,1,1,1,141,route de givors,M,0.0,0.0,690
201600004446,16,8,8,1700,1,1,1,1,3,219,,M,0.0,0.0,690
201600004447,16,8,24,845,1,1,6,1,1,228,,M,0.0,0.0,690
201600004448,16,9,19,730,2,1,1,1,3,241,,M,0.0,0.0,690
201600004449,16,9,21,1715,1,1,1,1,6,136,,M,0.0,0.0,690
201600004450,16,9,23,2045,3,1,1,1,1,228,,M,4556600.0,463900.0,690
201600004451,16,9,23,2230,3,1,1,1,3,228,,M,4557100.0,464500.0,690
201600004452,16,9,30,1045,1,1,1,1,6,184,,M,0.0,0.0,690
201600004453,16,10,5,1850,2,1,4,1,1,136,RD 486,M,4562683.0,476041.0,690
201600004454,16,10,28,1120,1,1,1,1,1,141,ROUTE DE RAVEL,M,4562562.0,470188.0,690
201600004455,16,5,23,2045,3,2,1,1,7,137,le bourg,M,0.0,0.0,690
201600004456,16,12,1,850,1,1,2,7,3,74,route du chemin de la cr,M,4600336.0,463403.0,690
201600004457,16,2,20,1630,1,1,1,8,7,121,,M,4586600.0,469100.0,690
201600004458,16,3,25,1100,1,1,1,2,6,122,,M,4591700.0,473400.0,690
201600004459,16,7,26,1715,1,2,2,1,3,140,Inter CD30 / Rue Coteau,M,4590200.0,470200.0,690
201600004460,16,8,12,1215,1,2,1,1,3,121,route du pont de dorieux,M,0.0,0.0,690
201600004461,16,9,2,1045,1,1,2,1,3,47,,M,0.0,0.0,690
201600004462,16,9,30,2115,5,1,1,1,6,121,,M,4586200.0,468200.0,690
201600004463,16,9,15,1500,1,2,6,1,3,52,rue d'Albon,M,0.0,0.0,690
201600004464,16,10,18,1230,1,2,1,1,6,9,chemin du bief,M,4593160.0,472216.0,690
201600004465,16,12,23,1805,3,2,1,2,5,121,ROUTE DE LYON,M,4585573.0,468911.0,690
201600004466,16,9,24,1600,1,1,1,1,7,162,,M,4610100.0,464700.0,690
201600004467,16,1,8,830,2,1,1,2,6,211,,M,0.0,0.0,690
201600004468,16,11,14,830,1,2,1,1,6,19,rue du 14 juillet,M,4610513.0,473769.0,690
201600004469,16,3,18,1930,5,2,1,1,2,19,Avenue de Salzkotten,M,0.0,0.0,690
201600004470,16,6,3,1845,1,2,1,8,3,19,Boulevard gambetta,M,4611200.0,473300.0,690
201600004471,16,8,17,915,1,1,1,7,1,197,,M,4605700.0,466200.0,690
201600004472,16,9,14,2115,3,1,1,1,3,19,,M,0.0,0.0,690
201600004473,16,9,26,1845,1,1,2,1,3,45,,M,0.0,0.0,690
201600004474,16,9,28,1645,1,1,1,1,2,19,,M,0.0,0.0,690
201600004475,16,10,6,1730,1,1,1,1,3,206,D20,M,4606201.0,471609.0,690
201600004476,16,10,13,1215,1,1,2,2,3,45,CARREFOUR CD19 - CD68,M,4608417.0,468953.0,690
201600004477,16,11,18,1915,5,2,1,2,3,19,impasse hector berlioz,M,4611424.0,472121.0,690
201600004478,16,11,25,1029,1,2,3,1,6,19,Boulevard Joseph Rossell,M,4610616.0,474863.0,690
201600004479,16,11,25,1555,1,2,1,1,1,19,"98, Rue de la République",M,4610985.0,474423.0,690
201600004480,16,12,12,650,3,1,9,5,3,211,cd 18,M,4611762.0,472460.0,690
201600004481,16,12,14,1140,1,1,1,5,1,197,D49,M,4605348.0,465781.0,690
201600004482,16,12,16,750,2,1,1,1,5,19,"Lieu dit ""LE CHEVALIER""",M,4610209.0,473086.0,690
201600004483,16,12,21,830,1,1,1,8,3,197,D19,M,4606604.0,465765.0,690
201600004484,16,1,25,1300,1,1,2,1,1,222,,M,0.0,0.0,690
201600004485,16,2,7,1745,1,1,1,8,3,50,,M,0.0,0.0,690
201600004486,16,5,28,1945,1,1,1,2,6,239,,M,4592600.0,448100.0,690
201600004487,16,5,31,1345,1,1,2,2,3,90,,M,0.0,0.0,690
201600004488,16,8,21,1530,1,1,1,1,2,50,,M,0.0,0.0,690
201600004489,16,8,26,1645,1,2,1,1,6,26,,M,4589900.0,458900.0,690
201600004490,16,11,11,1210,1,1,1,1,3,50,route départementale 385,M,4587603.0,464416.0,690
201600004491,16,2,26,1715,1,1,1,1,6,254,,M,4596000.0,442200.0,690
201600004492,16,3,22,930,1,2,1,1,7,243,45 rue de la république,M,0.0,0.0,690
201600004493,16,3,27,1900,1,2,3,1,3,157,Rue de Verdun,M,0.0,0.0,690
201600004494,16,5,10,1800,1,2,1,1,1,157,7 rue de Verdun,M,0.0,0.0,690
201600004495,16,7,14,1930,1,1,1,1,1,157,,M,0.0,0.0,690
201600004496,16,10,6,1010,1,2,1,1,6,243,42 avenue edouard herrio,M,4589150.0,444257.0,690
201600004497,16,11,1,1835,3,1,9,1,7,254,Les cassettes,M,4592803.0,442660.0,690
201600004498,16,12,29,1155,1,2,1,5,1,157,Rue Hector Berlioz,M,4587988.0,449368.0,690
201600004499,16,3,5,1230,1,1,1,2,6,107,,M,4604800.0,448600.0,690
201600004500,16,5,15,1730,1,2,1,1,6,54,D337,M,4617400.0,448900.0,690
201600004501,16,9,13,1500,1,1,1,1,7,107,,M,0.0,0.0,690
201600004502,16,9,26,630,2,1,3,8,3,37,,M,0.0,0.0,690
201600004503,16,10,23,1115,1,1,1,1,1,54,CD337,M,4617135.0,450375.0,690
201600004504,16,3,30,1415,3,1,1,1,1,25,,M,0.0,0.0,690
201600004505,16,5,30,1515,1,2,1,1,1,6,rue saint antoine,M,0.0,0.0,690
201600004506,16,5,26,1045,1,1,3,1,3,158,,M,0.0,0.0,690
201600004507,16,6,11,830,1,2,1,2,1,66,31 rue de Thizy,M,4610200.0,431800.0,690
201600004508,16,1,30,1730,1,1,1,2,6,336,,M,4617415.0,515234.0,10
201600004509,16,2,19,15,3,1,1,1,6,405,,M,0.0,0.0,10
201600004510,16,5,21,1615,1,1,1,1,1,405,,M,4614953.0,517774.0,10
201600004511,16,5,26,745,1,1,1,1,1,336,,M,0.0,0.0,10
201600004512,16,7,15,1345,1,1,1,1,7,405,,M,0.0,0.0,10
201600004513,16,8,2,1845,1,1,1,1,5,405,01960,M,4615734.0,518369.0,10
201600004514,16,8,10,1245,1,1,1,1,5,405,,M,0.0,0.0,10
201600004515,16,8,13,1830,1,1,1,1,3,385,,M,4618059.0,515471.0,10
201600004516,16,9,18,2145,3,1,1,3,5,405,01960,M,4611317.0,514866.0,10
201600004517,16,9,20,1830,1,1,1,1,1,264,,M,0.0,0.0,10
201600004518,16,10,22,1530,1,1,1,1,6,301,,M,4625074.0,511213.0,10
201600004519,16,10,27,1745,2,1,1,1,1,405,01960,M,4611900.0,515472.0,10
201600004520,16,11,17,2000,3,1,1,1,7,65,,M,0.0,0.0,10
201600004521,16,3,13,1545,1,1,1,1,7,273,,M,0.0,0.0,10
201600004522,16,6,12,2300,3,1,1,2,3,72,,M,0.0,0.0,10
201600004523,16,6,19,600,2,1,1,1,6,447,,M,0.0,0.0,10
201600004524,16,7,3,1830,1,1,1,1,1,426,01370,M,4627000.0,536000.0,10
201600004525,16,8,1,1530,1,1,9,1,3,184,,M,4615255.0,544418.0,10
201600004526,16,8,8,1545,1,1,1,1,3,350,,M,4629517.0,529978.0,10
201600004527,16,2,14,415,3,1,1,2,6,236,,M,4655300.0,514400.0,10
201600004528,16,3,30,1745,1,1,1,1,2,24,,M,0.0,0.0,10
201600004529,16,5,14,300,3,1,1,1,2,284,,M,0.0,0.0,10
201600004530,16,6,22,810,1,1,1,1,1,154,,M,4631925.0,519473.0,10
201600004531,16,7,17,1,5,1,1,1,6,175,,M,0.0,0.0,10
201600004532,16,7,17,545,2,1,1,1,6,236,,M,4632936.0,506837.0,10
201600004533,16,8,12,1845,1,1,2,1,3,406,,M,0.0,0.0,10
201600004534,16,8,29,1800,1,2,1,1,1,305,Avenue Adrien Thierry,M,0.0,0.0,10
201600004535,16,10,29,1545,1,1,1,1,6,163,,M,0.0,0.0,10
201600004536,16,11,26,1615,1,1,1,1,6,163,,M,4636700.0,515306.0,10
201600004537,16,1,26,700,3,1,1,9,1,68,,M,0.0,0.0,10
201600004538,16,2,26,300,3,1,1,2,7,200,,M,0.0,0.0,10
201600004539,16,2,27,1145,1,1,1,1,6,314,,M,0.0,0.0,10
201600004540,16,4,3,1530,1,1,1,2,1,151,,M,0.0,0.0,10
201600004541,16,4,6,1730,1,1,1,1,1,199,,M,0.0,0.0,10
201600004542,16,4,24,2000,1,1,1,1,6,68,,M,0.0,0.0,10
201600004543,16,5,7,115,3,1,1,1,6,200,,M,4608806.0,547790.0,10
201600004544,16,5,21,1530,1,1,1,1,3,363,,M,4603878.0,535254.0,10
201600004545,16,5,28,1645,1,1,1,1,6,68,,M,0.0,0.0,10
201600004546,16,6,10,1745,1,1,1,1,6,56,,M,0.0,0.0,10
201600004547,16,6,23,1530,1,1,1,1,6,273,,M,4609288.0,535699.0,10
201600004548,16,6,26,1930,1,1,1,1,6,363,,M,0.0,0.0,10
201600004549,16,7,3,115,3,1,1,1,5,303,,M,0.0,0.0,10
201600004550,16,7,12,145,3,1,1,1,2,303,,M,0.0,0.0,10
201600004551,16,7,16,1300,1,2,2,7,3,273,,M,4607913.0,537650.0,10
201600004552,16,10,1,1430,1,1,1,2,6,199,,M,0.0,0.0,10
201600004553,16,10,8,1515,1,1,1,8,7,199,,M,0.0,0.0,10
201600004554,16,11,24,1200,1,2,1,1,7,56,10 chemin du grapillon,M,0.0,0.0,10
201600004555,16,2,29,2130,3,1,6,1,6,134,,M,0.0,0.0,10
201600004556,16,5,11,945,1,1,2,3,3,134,,M,0.0,0.0,10
201600004557,16,7,7,1445,3,1,1,1,1,320,,M,0.0,0.0,10
201600004558,16,6,21,1600,1,1,1,1,6,343,,M,0.0,0.0,10
201600004559,16,9,20,1545,1,2,9,1,6,306,avenur des sports,M,4626349.0,488608.0,10
201600004560,16,12,10,330,3,2,1,5,6,320,rue de la prairie D68A,M,0.0,0.0,10
201600004561,16,2,5,1530,1,1,1,1,2,34,,M,0.0,0.0,10
201600004562,16,8,20,1600,1,2,1,2,1,239,,M,0.0,0.0,10
201600004563,16,8,27,1630,1,1,1,1,6,454,,M,0.0,0.0,10
201600004564,16,10,29,1815,1,2,1,1,1,34,RD10,M,0.0,0.0,10
201600004565,16,11,1,1230,1,1,1,1,6,294,01300,M,4569516.0,567634.0,10
201600004566,16,11,14,845,1,1,1,8,6,294,,M,4570192.0,569932.0,10
201600004567,16,11,23,2130,3,1,1,1,6,34,,M,4576800.0,570400.0,10
201600004568,16,12,15,2115,3,1,1,1,1,34,,M,0.0,0.0,10
201600004569,16,2,21,1745,1,2,1,1,1,4,rue Alexandre Bérard,M,4597741.0,534979.0,10
201600004570,16,11,5,1145,1,2,1,2,3,345,Rue Pasteur,M,4594468.0,533052.0,10
201600004571,16,11,17,2200,3,1,1,2,1,89,,M,0.0,0.0,10
201600004572,16,11,26,1015,1,1,1,1,1,4,,M,0.0,0.0,10
201600004573,16,12,16,100,3,1,1,1,6,421,,M,0.0,0.0,10
201600004574,16,12,26,1915,3,1,1,9,6,4,,M,0.0,0.0,10
201600004575,16,1,7,2000,3,1,1,1,6,66,,M,0.0,0.0,10
201600004576,16,1,24,1200,1,1,1,1,5,138,,M,0.0,0.0,10
201600004577,16,1,29,1845,5,1,2,1,5,10,,M,0.0,0.0,10
201600004578,16,2,26,1600,1,2,3,1,1,10,rue du pressoir,M,0.0,0.0,10
201600004579,16,2,26,1430,1,1,1,1,7,407,,M,0.0,0.0,10
201600004580,16,6,22,1600,1,2,1,7,3,138,450 avenue Falconnier,M,4584788.0,578690.0,10
201600004581,16,7,8,845,1,1,1,1,1,415,,M,0.0,0.0,10
201600004582,16,7,9,1715,1,1,1,1,7,329,,M,4583366.0,559117.0,10
201600004583,16,7,15,1630,1,1,1,1,1,138,,M,0.0,0.0,10
201600004584,16,9,18,1745,2,1,1,2,3,138,,M,0.0,0.0,10
201600004585,16,9,24,1330,1,1,1,1,7,218,,M,0.0,0.0,10
201600004586,16,10,31,1630,1,2,6,1,3,138,carrefour CD992/CD904,M,0.0,0.0,10
201600004587,16,12,24,1000,1,1,1,1,7,138,,M,0.0,0.0,10
201600004588,16,6,21,745,2,1,1,2,1,112,,M,4610000.0,554000.0,10
201600004589,16,7,30,1145,1,1,1,2,7,176,,M,0.0,0.0,10
201600004590,16,1,25,1330,1,1,1,1,7,396,,M,0.0,0.0,10
201600004591,16,2,4,1915,5,1,1,2,1,224,,M,0.0,0.0,10
201600004592,16,2,8,930,1,1,1,8,1,444,,M,0.0,0.0,10
201600004593,16,2,20,30,3,1,1,1,1,444,,M,0.0,0.0,10
201600004594,16,3,18,1900,5,2,1,1,7,396,RD 19 route du Pont,M,4585465.0,540905.0,10
201600004595,16,6,16,215,3,1,1,3,3,213,,M,4591000.0,531000.0,10
201600004596,16,7,1,445,3,1,1,1,5,213,,M,0.0,0.0,10
201600004597,16,9,2,1315,1,1,1,1,5,47,,M,0.0,0.0,10
201600004598,16,9,9,745,1,1,1,1,3,213,,M,0.0,0.0,10
201600004599,16,9,13,545,3,1,1,1,1,390,,M,4578351.0,522653.0,10
201600004600,16,10,4,1530,1,1,1,1,4,8,,M,0.0,0.0,10
201600004601,16,4,15,1845,1,2,1,2,6,269,rue du docteur mercier,M,0.0,0.0,10
201600004602,16,6,4,2145,2,1,1,1,1,204,,M,4615500.0,571900.0,10
201600004603,16,6,10,1845,1,1,1,1,1,269,,M,0.0,0.0,10
201600004604,16,8,13,2000,1,1,1,1,1,87,,M,4620538.0,569380.0,10
201600004605,16,8,16,945,1,2,1,1,6,265,16 rue du lyonnais,M,0.0,0.0,10
201600004606,16,5,9,845,1,2,1,1,6,33,AVENUE ST EXUPERY,M,4611000.0,581000.0,10
201600004607,16,5,25,1900,1,2,3,1,3,33,avenue saint exupery,M,0.0,0.0,10
201600004608,16,6,22,1030,1,2,1,1,6,33,rue de la perte du rhône,M,0.0,0.0,10
201600004609,16,10,14,330,3,1,1,3,6,44,,M,0.0,0.0,10
201600004610,16,1,19,630,3,1,1,4,3,173,,M,0.0,0.0,10
201600004611,16,2,16,1715,1,2,1,2,6,143,51 rue des bains,M,0.0,0.0,10
201600004612,16,4,29,815,2,2,1,1,1,71,Rue du jura,M,0.0,0.0,10
201600004613,16,8,27,1330,1,2,1,1,6,143,rue de la combe de l'eau,M,0.0,0.0,10
201600004614,16,3,26,1515,1,1,1,1,7,114,,M,0.0,0.0,10
201600004615,16,5,31,1715,1,1,1,2,1,247,,M,0.0,0.0,10
201600004616,16,8,13,1615,1,1,1,1,7,247,,M,0.0,0.0,10
201600004617,16,1,29,1600,1,2,6,7,6,160,rue de versoix,M,4625880.0,611600.0,10
201600004618,16,6,19,2200,3,1,1,1,6,313,,M,0.0,0.0,10
201600004619,16,8,15,2210,3,1,1,1,7,435,,M,4630346.0,608932.0,10
201600004620,16,9,13,2145,3,2,1,1,6,281,rue de gex RN5,M,0.0,0.0,10
201600004621,16,10,17,1730,1,2,1,2,3,173,Avenue des alpes,M,0.0,0.0,10
201600004622,16,11,8,1730,3,2,1,1,1,281,,M,0.0,0.0,10
201600004623,16,11,3,1430,1,2,1,1,6,160,Avenue du Jura,M,0.0,0.0,10
201600004624,16,1,23,1630,1,2,1,7,3,446,248 route de Saint Trivi,M,0.0,0.0,10
201600004625,16,2,25,2100,3,1,1,1,1,250,,M,0.0,0.0,10
201600004626,16,3,5,1330,1,2,1,1,7,166,52 allée des prairies,M,0.0,0.0,10
201600004627,16,3,30,1115,1,1,1,1,1,238,,M,0.0,0.0,10
201600004628,16,4,12,1315,1,1,3,1,5,322,,M,0.0,0.0,10
201600004629,16,4,19,1515,1,2,1,1,6,194,rue de la liberté,M,4598111.0,476662.0,10
201600004630,16,4,26,1330,1,1,1,1,1,75,,M,4602235.0,478511.0,10
201600004631,16,5,9,845,1,1,2,2,3,318,,M,4597123.0,485278.0,10
201600004632,16,6,11,2330,3,1,6,1,7,250,,M,4598000.0,476000.0,10
201600004633,16,6,19,415,3,2,1,1,6,318,,M,4597281.0,486869.0,10
201600004634,16,6,23,1130,1,2,1,1,7,427,,M,0.0,0.0,10
201600004635,16,6,24,1515,1,1,2,1,3,446,,M,0.0,0.0,10
201600004636,16,7,2,2200,2,1,6,1,6,322,01600,M,4593000.0,480000.0,10
201600004637,16,7,6,915,1,2,1,1,2,30,,M,4600104.0,475144.0,10
201600004638,16,9,20,1215,1,1,1,1,3,21,,M,4597122.0,485276.0,10
201600004639,16,10,8,1055,1,2,9,1,1,238,14 rue Lavoisier,M,4590442.0,482030.0,10
201600004640,16,12,7,2145,3,1,2,5,1,157,,M,0.0,0.0,10
201600004641,16,12,16,845,1,1,1,1,2,75,,M,0.0,0.0,10
201600004642,16,1,1,500,3,2,1,5,1,46,Les Allouets,M,0.0,0.0,10
201600004643,16,1,11,1715,2,1,1,8,6,93,,M,0.0,0.0,10
201600004644,16,1,31,645,5,2,1,2,7,457,rue eugène dubois,M,0.0,0.0,10
201600004645,16,3,7,1715,1,1,2,2,5,355,,M,0.0,0.0,10
201600004646,16,5,11,1430,1,1,1,1,1,457,,M,0.0,0.0,10
201600004647,16,5,14,2315,5,1,1,1,7,457,,M,0.0,0.0,10
201600004648,16,5,22,715,1,1,1,1,3,412,,M,0.0,0.0,10
201600004649,16,6,19,830,1,1,1,2,6,368,,M,4618882.0,495414.0,10
201600004650,16,6,24,1745,1,1,1,1,6,246,,M,0.0,0.0,10
201600004651,16,7,2,2200,3,1,1,1,6,93,,M,0.0,0.0,10
201600004652,16,7,1,1000,1,1,1,1,3,457,,M,0.0,0.0,10
201600004653,16,7,2,1730,1,1,6,1,6,93,,M,0.0,0.0,10
201600004654,16,8,7,1445,1,1,1,1,3,115,,M,0.0,0.0,10
201600004655,16,8,13,1145,1,1,2,1,3,412,,M,4616571.0,496323.0,10
201600004656,16,9,9,930,1,2,1,1,3,246,route de polliat,M,4624049.0,506443.0,10
201600004657,16,9,25,1230,1,1,1,1,3,457,,M,4622372.0,498121.0,10
201600004658,16,10,8,1800,1,1,1,1,1,93,,M,0.0,0.0,10
201600004659,16,12,4,2345,5,2,1,1,6,412,le village,M,0.0,0.0,10
201600004660,16,6,17,1700,1,1,1,1,3,249,,M,0.0,0.0,10
201600004661,16,7,8,1415,1,1,1,1,2,249,,M,4586725.0,491287.0,10
201600004662,16,9,30,1615,1,2,1,1,3,249,2300 grande rue,M,4582678.0,496821.0,10
201600004663,16,10,5,1530,1,2,9,1,3,249,grande Rue,M,0.0,0.0,10
201600004664,16,10,10,1500,1,2,2,1,2,275,,M,4582527.0,493010.0,10
201600004665,16,1,11,1415,1,2,6,1,6,262,Avenue de la gare,M,4584810.0,505770.0,10
201600004666,16,1,23,1430,1,1,1,1,7,297,,M,0.0,0.0,10
201600004667,16,1,30,1600,1,2,1,8,6,49,RD 1084,M,0.0,0.0,10
201600004668,16,4,8,1115,1,2,1,1,3,49,521 route Nationale,M,0.0,0.0,10
201600004669,16,5,20,1745,1,1,1,1,7,276,,M,0.0,0.0,10
201600004670,16,7,29,1845,1,2,1,7,6,32,126 chemin du Folu,M,0.0,0.0,10
201600004671,16,8,24,1930,1,2,3,1,3,27,76 rue de la balme,M,0.0,0.0,10
201600004672,16,10,20,1845,1,2,1,1,3,32,995 route de geneve,M,0.0,0.0,10
201600004673,16,1,24,515,3,1,1,1,7,393,,M,0.0,0.0,10
201600004674,16,3,18,400,3,1,1,1,3,443,,M,0.0,0.0,10
201600004675,16,4,14,1205,1,1,1,1,7,45,,M,0.0,0.0,10
201600004676,16,5,21,2245,3,1,1,1,6,235,,M,0.0,0.0,10
201600004677,16,6,18,2300,5,2,1,1,1,5,,M,0.0,0.0,10
201600004678,16,7,13,300,5,1,1,1,7,371,,M,4594632.0,498165.0,10
201600004679,16,8,8,1800,1,2,2,1,3,85,le village,M,0.0,0.0,10
201600004680,16,2,7,1330,1,1,2,1,3,428,,M,0.0,0.0,10
201600004681,16,5,27,2030,1,2,2,1,3,420,rue de l'église,M,4617218.0,480114.0,10
201600004682,16,7,24,730,2,2,1,7,6,169,D933,M,0.0,0.0,10
201600004683,16,7,27,1745,1,1,1,1,6,351,,M,0.0,0.0,10
201600004684,16,9,1,1715,1,2,1,1,6,420,AVENUE DU PORT,M,4616615.0,479084.0,10
201600004685,16,9,8,1200,1,2,1,1,1,263,62 BIS RUE DE MACON,M,4608566.0,475331.0,10
201600004686,16,10,13,1845,5,1,1,3,6,169,,M,0.0,0.0,10
201600004687,16,12,5,1330,1,2,1,5,6,420,avenue du port,M,0.0,0.0,10
201600004688,16,12,9,1740,5,2,1,5,6,420,09 rue des écoles,M,4617492.0,479898.0,10
201600004689,16,2,8,1100,1,1,1,1,5,122,,M,0.0,0.0,70
201600004690,16,3,30,1645,1,2,1,1,7,122,champ-dus,M,0.0,0.0,70
201600004691,16,6,7,1645,1,2,1,1,6,289,5 rue de luol / PK29+50,M,0.0,0.0,70
201600004692,16,6,13,2115,2,1,1,2,6,210,,M,0.0,0.0,70
201600004693,16,6,21,1200,1,1,1,1,6,155,,M,0.0,0.0,70
201600004694,16,6,13,1115,1,1,1,1,1,139,,M,0.0,0.0,70